Case_ID,Person_ID,Age_Group,Gender,Last_Latitude,Last_Longitude,Last_Seen_Time,Day,Weather,Usual_Area,Average_Distance,Average_Speed,Previous_Area,Time_Since_Last_Seen,Target_Area,FIR_Number,Police_Station,State_UT
MP-AP-2026-001,IND-USR-001,18–25,Male,13.622051,79.410896,19:00,Monday,Clear,Visakhapatnam RTC Complex,12.18,35.27,Visakhapatnam RTC Complex,3.5,Tirupati Temple Zone,FIR-854/2026-AP,Tirupati Urban PS,Andhra Pradesh
MP-AP-2026-002,IND-USR-002,41–60,Male,17.688148,83.210113,11:45,Wednesday,Dense Fog,Tirupati Temple Zone,9.53,57.86,Tirupati Temple Zone,33.0,Tirupati Temple Zone,FIR-703/2026-AP,Visakhapatnam City PS,Andhra Pradesh
MP-AP-2026-003,IND-USR-003,18–25,Female,17.697225,83.221612,23:00,Thursday,Clear,Vijayawada Junction Terminal,26.19,51.47,Visakhapatnam RTC Complex,59.8,Vijayawada Junction Terminal,FIR-926/2026-AP,Visakhapatnam City PS,Andhra Pradesh
MP-AP-2026-004,IND-USR-004,41–60,Male,16.493287,80.652838,13:00,Thursday,Dense Fog,Tirupati Temple Zone,22.04,51.71,Visakhapatnam RTC Complex,16.5,Tirupati Temple Zone,FIR-891/2026-AP,Vijayawada Central PS,Andhra Pradesh
MP-AP-2026-005,IND-USR-005,26–40,Male,27.589374,91.849534,20:45,Wednesday,Thunderstorm,Itanagar Clock Tower,12.22,26.21,Tawang Monastery Zone,74.0,Itanagar Clock Tower,FIR-846/2026-AP,Tawang District PS,Arunachal Pradesh
MP-AP-2026-006,IND-USR-006,41–60,Male,27.081435,93.592286,21:45,Saturday,Heatwave,Itanagar Clock Tower,9.0,16.98,Itanagar Clock Tower,71.8,Tawang Monastery Zone,FIR-680/2026-AP,Itanagar Capital PS,Arunachal Pradesh
MP-AP-2026-007,IND-USR-007,60+,Male,27.57768,91.874326,07:00,Tuesday,Monsoon Rain,Tawang Monastery Zone,36.27,31.11,Tawang Monastery Zone,7.0,Tawang Monastery Zone,FIR-621/2026-AP,Tawang District PS,Arunachal Pradesh
MP-AP-2026-008,IND-USR-008,41–60,Female,27.591509,91.847837,09:30,Thursday,Monsoon Rain,Tawang Monastery Zone,22.06,57.69,Tawang Monastery Zone,84.2,Itanagar Clock Tower,FIR-649/2026-AP,Tawang District PS,Arunachal Pradesh
MP-ASS-2026-009,IND-USR-009,26–40,Female,27.48305,94.91223,11:00,Friday,Dense Fog,Guwahati Paltan Bazaar,23.52,15.59,Guwahati Paltan Bazaar,35.5,Dibrugarh Junction Terminal,FIR-303/2026-ASS,Dibrugarh Town PS,Assam
MP-ASS-2026-010,IND-USR-010,60+,Male,27.48414,94.925408,23:15,Tuesday,Heatwave,Guwahati Paltan Bazaar,42.77,18.26,Guwahati Paltan Bazaar,51.1,Guwahati Paltan Bazaar,FIR-187/2026-ASS,Dibrugarh Town PS,Assam
MP-ASS-2026-011,IND-USR-011,60+,Female,27.46977,94.917151,09:15,Tuesday,Clear,Guwahati Paltan Bazaar,17.2,39.42,Guwahati Paltan Bazaar,22.9,Dibrugarh Junction Terminal,FIR-482/2026-ASS,Dibrugarh Town PS,Assam
MP-ASS-2026-012,IND-USR-012,41–60,Male,26.136368,91.748363,22:15,Wednesday,Heatwave,Guwahati Paltan Bazaar,12.0,16.62,Guwahati Paltan Bazaar,89.9,Guwahati Paltan Bazaar,FIR-980/2026-ASS,Guwahati Central PS,Assam
MP-BIH-2026-013,IND-USR-013,41–60,Female,24.782112,84.988108,19:45,Sunday,Clear,Patna Junction Terminal,31.28,59.21,Gaya Pilgrim Corridor,10.3,Gaya Pilgrim Corridor,FIR-541/2026-BIH,Gaya Town PS,Bihar
MP-BIH-2026-014,IND-USR-014,60+,Male,24.782148,85.001289,14:45,Tuesday,Clear,Gaya Pilgrim Corridor,21.61,53.07,Patna Junction Terminal,53.3,Patna Junction Terminal,FIR-243/2026-BIH,Gaya Town PS,Bihar
MP-BIH-2026-015,IND-USR-015,60+,Male,25.584089,85.137169,11:45,Monday,Heatwave,Patna Junction Terminal,14.14,49.2,Patna Junction Terminal,44.2,Patna Junction Terminal,FIR-318/2026-BIH,Patna Junction PS,Bihar
MP-BIH-2026-016,IND-USR-016,18–25,Female,24.785301,85.014261,07:00,Friday,Heatwave,Gaya Pilgrim Corridor,24.12,52.64,Patna Junction Terminal,16.0,Patna Junction Terminal,FIR-693/2026-BIH,Gaya Town PS,Bihar
MP-CHH-2026-017,IND-USR-017,26–40,Male,21.256656,81.621656,08:45,Saturday,Thunderstorm,Raipur Junction Hub,26.74,25.82,Raipur Junction Hub,25.8,Raipur Junction Hub,FIR-222/2026-CHH,Raipur City PS,Chhattisgarh
MP-CHH-2026-018,IND-USR-018,41–60,Male,21.182726,81.355265,06:45,Friday,Thunderstorm,Raipur Junction Hub,44.84,13.66,Bhilai Steel City Hub,21.2,Bhilai Steel City Hub,FIR-568/2026-CHH,Bhilai Sector 6 PS,Chhattisgarh
MP-CHH-2026-019,IND-USR-019,60+,Female,21.205178,81.346986,22:00,Saturday,Thunderstorm,Raipur Junction Hub,15.57,43.17,Bhilai Steel City Hub,90.2,Raipur Junction Hub,FIR-261/2026-CHH,Bhilai Sector 6 PS,Chhattisgarh
MP-CHH-2026-020,IND-USR-020,26–40,Female,21.258673,81.619263,12:30,Friday,Heatwave,Bhilai Steel City Hub,13.55,55.41,Raipur Junction Hub,5.8,Raipur Junction Hub,FIR-388/2026-CHH,Raipur City PS,Chhattisgarh
MP-GOA-2026-021,IND-USR-021,26–40,Female,15.268607,73.947125,23:45,Friday,Clear,Margao Railway Junction,7.7,57.25,Panaji Church Square,66.6,Panaji Church Square,FIR-368/2026-GOA,Margao Station PS,Goa
MP-GOA-2026-022,IND-USR-022,18–25,Female,15.496794,73.814055,12:15,Saturday,Clear,Panaji Church Square,17.85,37.99,Margao Railway Junction,84.1,Panaji Church Square,FIR-473/2026-GOA,Panaji Town PS,Goa
MP-GOA-2026-023,IND-USR-023,41–60,Female,15.510342,73.813544,13:30,Tuesday,Clear,Panaji Church Square,19.07,11.94,Panaji Church Square,45.7,Panaji Church Square,FIR-854/2026-GOA,Panaji Town PS,Goa
MP-GOA-2026-024,IND-USR-024,18–25,Male,15.508516,73.83894,18:30,Wednesday,Clear,Margao Railway Junction,43.61,23.96,Margao Railway Junction,61.9,Margao Railway Junction,FIR-328/2026-GOA,Panaji Town PS,Goa
MP-GUJ-2026-025,IND-USR-025,41–60,Male,21.181511,72.823936,09:45,Wednesday,Dense Fog,Surat Textile City Hub,21.33,59.21,Ahmedabad Kalupur Station,12.0,Ahmedabad Kalupur Station,FIR-694/2026-GUJ,Surat Central PS,Gujarat
MP-GUJ-2026-026,IND-USR-026,26–40,Female,23.007551,72.584167,19:00,Saturday,Dense Fog,Surat Textile City Hub,29.17,43.17,Ahmedabad Kalupur Station,12.8,Surat Textile City Hub,FIR-651/2026-GUJ,Ahmedabad Kalupur PS,Gujarat
MP-GUJ-2026-027,IND-USR-027,26–40,Female,21.167272,72.82497,18:15,Friday,Thunderstorm,Surat Textile City Hub,15.64,37.4,Surat Textile City Hub,1.0,Surat Textile City Hub,FIR-230/2026-GUJ,Surat Central PS,Gujarat
MP-GUJ-2026-028,IND-USR-028,60+,Male,21.16915,72.829365,08:30,Friday,Thunderstorm,Ahmedabad Kalupur Station,17.08,50.92,Surat Textile City Hub,72.4,Surat Textile City Hub,FIR-318/2026-GUJ,Surat Central PS,Gujarat
MP-HAR-2026-029,IND-USR-029,18–25,Female,28.370233,77.308245,19:15,Saturday,Heatwave,Gurugram Cyber City,23.76,22.2,Gurugram Cyber City,63.3,Gurugram Cyber City,FIR-586/2026-HAR,Faridabad Central PS,Haryana
MP-HAR-2026-030,IND-USR-030,60+,Male,28.485277,77.103239,23:15,Sunday,Clear,Gurugram Cyber City,22.17,50.07,Faridabad NIT Hub,64.4,Gurugram Cyber City,FIR-630/2026-HAR,Gurugram Sector 29 PS,Haryana
MP-HAR-2026-031,IND-USR-031,60+,Female,28.396416,77.32321,13:30,Sunday,Thunderstorm,Faridabad NIT Hub,23.35,21.96,Faridabad NIT Hub,42.8,Faridabad NIT Hub,FIR-586/2026-HAR,Faridabad Central PS,Haryana
MP-HAR-2026-032,IND-USR-032,26–40,Male,28.379091,77.317105,18:15,Saturday,Monsoon Rain,Gurugram Cyber City,5.7,30.38,Faridabad NIT Hub,52.5,Faridabad NIT Hub,FIR-241/2026-HAR,Faridabad Central PS,Haryana
MP-HP-2026-033,IND-USR-033,18–25,Female,32.215684,76.331494,21:00,Wednesday,Dense Fog,Shimla Mall Road,34.65,52.67,Shimla Mall Road,91.6,Dharamshala Square,FIR-812/2026-HP,Dharamshala Town PS,Himachal Pradesh
MP-HP-2026-034,IND-USR-034,41–60,Female,32.212188,76.322969,11:45,Tuesday,Thunderstorm,Shimla Mall Road,25.43,55.35,Dharamshala Square,57.2,Shimla Mall Road,FIR-498/2026-HP,Dharamshala Town PS,Himachal Pradesh
MP-HP-2026-035,IND-USR-035,60+,Female,31.115806,77.163852,12:45,Wednesday,Dense Fog,Shimla Mall Road,34.97,28.96,Dharamshala Square,72.4,Shimla Mall Road,FIR-366/2026-HP,Shimla Sadar PS,Himachal Pradesh
MP-HP-2026-036,IND-USR-036,26–40,Male,32.204581,76.324583,07:00,Tuesday,Monsoon Rain,Dharamshala Square,38.25,41.07,Shimla Mall Road,23.7,Dharamshala Square,FIR-458/2026-HP,Dharamshala Town PS,Himachal Pradesh
MP-JHA-2026-037,IND-USR-037,18–25,Male,22.810584,86.210907,15:00,Friday,Clear,Ranchi Main Road Hub,42.01,38.79,Ranchi Main Road Hub,87.3,Jamshedpur Bistupur Hub,FIR-271/2026-JHA,Bistupur PS,Jharkhand
MP-JHA-2026-038,IND-USR-038,18–25,Female,22.807363,86.212817,09:00,Wednesday,Thunderstorm,Jamshedpur Bistupur Hub,20.99,28.53,Ranchi Main Road Hub,49.1,Ranchi Main Road Hub,FIR-348/2026-JHA,Bistupur PS,Jharkhand
MP-JHA-2026-039,IND-USR-039,60+,Male,22.792766,86.216724,19:15,Saturday,Thunderstorm,Ranchi Main Road Hub,43.55,23.5,Jamshedpur Bistupur Hub,77.8,Jamshedpur Bistupur Hub,FIR-750/2026-JHA,Bistupur PS,Jharkhand
MP-JHA-2026-040,IND-USR-040,41–60,Female,22.799269,86.195265,13:45,Friday,Thunderstorm,Jamshedpur Bistupur Hub,31.06,26.82,Jamshedpur Bistupur Hub,48.0,Jamshedpur Bistupur Hub,FIR-188/2026-JHA,Bistupur PS,Jharkhand
MP-KAR-2026-041,IND-USR-041,41–60,Male,12.974045,77.633551,22:15,Monday,Monsoon Rain,KSR Bengaluru Majestic,33.24,34.43,Indiranagar 100ft Road,73.0,KSR Bengaluru Majestic,FIR-386/2026-KAR,Indiranagar PS,Karnataka
MP-KAR-2026-042,IND-USR-042,41–60,Male,12.304925,76.663988,18:15,Wednesday,Thunderstorm,Indiranagar 100ft Road,18.5,37.67,Mysore Palace Zone,33.7,Mysore Palace Zone,FIR-195/2026-KAR,Devaraja PS Mysuru,Karnataka
MP-KAR-2026-043,IND-USR-043,26–40,Male,12.311286,76.648327,12:30,Monday,Thunderstorm,Mysore Palace Zone,42.94,44.51,Indiranagar 100ft Road,19.2,Indiranagar 100ft Road,FIR-357/2026-KAR,Devaraja PS Mysuru,Karnataka
MP-KAR-2026-044,IND-USR-044,41–60,Male,12.307888,76.663006,12:30,Tuesday,Dense Fog,Indiranagar 100ft Road,10.54,10.71,Indiranagar 100ft Road,51.7,Mysore Palace Zone,FIR-711/2026-KAR,Devaraja PS Mysuru,Karnataka
MP-KER-2026-045,IND-USR-045,60+,Male,9.987523,76.265588,06:30,Thursday,Heatwave,Thiruvananthapuram Central,21.5,19.22,Thiruvananthapuram Central,5.9,Kochi MG Road Hub,FIR-989/2026-KER,Ernakulam Central PS,Kerala
MP-KER-2026-046,IND-USR-046,18–25,Male,9.981352,76.279111,10:30,Monday,Monsoon Rain,Thiruvananthapuram Central,7.97,48.22,Thiruvananthapuram Central,58.6,Kochi MG Road Hub,FIR-802/2026-KER,Ernakulam Central PS,Kerala
MP-KER-2026-047,IND-USR-047,41–60,Male,8.518021,76.939256,09:15,Saturday,Monsoon Rain,Kochi MG Road Hub,14.12,14.06,Kochi MG Road Hub,23.8,Kochi MG Road Hub,FIR-539/2026-KER,Thiruvananthapuram City PS,Kerala
MP-KER-2026-048,IND-USR-048,18–25,Male,8.522615,76.939414,15:30,Saturday,Heatwave,Thiruvananthapuram Central,5.99,21.67,Thiruvananthapuram Central,26.1,Kochi MG Road Hub,FIR-398/2026-KER,Thiruvananthapuram City PS,Kerala
MP-MP-2026-049,IND-USR-049,26–40,Male,23.264329,77.424852,07:15,Sunday,Dense Fog,Indore Chhappan Dukan Hub,27.99,51.21,Bhopal Junction Terminal,88.5,Bhopal Junction Terminal,FIR-946/2026-MP,Bhopal Junction PS,Madhya Pradesh
MP-MP-2026-050,IND-USR-050,60+,Female,22.725592,75.87098,08:00,Thursday,Dense Fog,Bhopal Junction Terminal,28.36,11.29,Indore Chhappan Dukan Hub,22.7,Indore Chhappan Dukan Hub,FIR-612/2026-MP,Indore MG Road PS,Madhya Pradesh
MP-MP-2026-051,IND-USR-051,26–40,Female,23.259015,77.417145,21:00,Thursday,Dense Fog,Indore Chhappan Dukan Hub,20.15,26.05,Bhopal Junction Terminal,10.9,Bhopal Junction Terminal,FIR-384/2026-MP,Bhopal Junction PS,Madhya Pradesh
MP-MP-2026-052,IND-USR-052,18–25,Female,23.253547,77.425956,08:30,Wednesday,Dense Fog,Indore Chhappan Dukan Hub,7.87,48.63,Indore Chhappan Dukan Hub,83.2,Indore Chhappan Dukan Hub,FIR-933/2026-MP,Bhopal Junction PS,Madhya Pradesh
MP-MAH-2026-053,IND-USR-053,60+,Female,18.937397,72.825927,07:15,Wednesday,Thunderstorm,Pune Swargate Hub,8.5,24.4,Pune Swargate Hub,84.7,Bandra Kurla Complex,FIR-470/2026-MAH,Colaba PS Mumbai,Maharashtra
MP-MAH-2026-054,IND-USR-054,41–60,Male,19.068966,72.860879,23:45,Monday,Monsoon Rain,CST Mumbai Station,44.67,55.65,CST Mumbai Station,44.8,Pune Swargate Hub,FIR-262/2026-MAH,BKC PS Mumbai,Maharashtra
MP-MAH-2026-055,IND-USR-055,41–60,Female,18.95298,72.829056,21:45,Tuesday,Heatwave,Pune Swargate Hub,26.15,29.18,CST Mumbai Station,88.6,Bandra Kurla Complex,FIR-822/2026-MAH,Colaba PS Mumbai,Maharashtra
MP-MAH-2026-056,IND-USR-056,41–60,Female,18.513687,73.8654,06:30,Saturday,Dense Fog,Pune Swargate Hub,38.17,39.0,CST Mumbai Station,63.7,CST Mumbai Station,FIR-524/2026-MAH,Swargate PS Pune,Maharashtra
MP-MAN-2026-057,IND-USR-057,60+,Female,24.811973,93.944686,12:15,Friday,Heatwave,Imphal Kangla Fort Zone,12.81,48.78,Imphal Kangla Fort Zone,5.1,Imphal Kangla Fort Zone,FIR-486/2026-MAN,Imphal City PS,Manipur
MP-MAN-2026-058,IND-USR-058,41–60,Male,24.81686,93.922911,20:00,Friday,Heatwave,Imphal Kangla Fort Zone,3.64,17.21,Imphal Kangla Fort Zone,83.7,Imphal Kangla Fort Zone,FIR-614/2026-MAN,Imphal City PS,Manipur
MP-MAN-2026-059,IND-USR-059,18–25,Female,24.812157,93.942581,23:45,Wednesday,Heatwave,Imphal Kangla Fort Zone,39.64,11.79,Imphal Kangla Fort Zone,7.5,Imphal Kangla Fort Zone,FIR-765/2026-MAN,Imphal City PS,Manipur
MP-MAN-2026-060,IND-USR-060,18–25,Female,24.83135,93.944611,11:30,Monday,Clear,Imphal Kangla Fort Zone,16.62,12.81,Imphal Kangla Fort Zone,35.1,Imphal Kangla Fort Zone,FIR-820/2026-MAN,Imphal City PS,Manipur
MP-MEG-2026-061,IND-USR-061,26–40,Male,25.580778,91.902076,18:15,Thursday,Thunderstorm,Shillong Police Bazaar,9.01,33.06,Shillong Police Bazaar,25.1,Shillong Police Bazaar,FIR-274/2026-MEG,Shillong Central PS,Meghalaya
MP-MEG-2026-062,IND-USR-062,41–60,Female,25.584128,91.883039,19:30,Thursday,Dense Fog,Shillong Police Bazaar,11.37,29.23,Shillong Police Bazaar,46.9,Shillong Police Bazaar,FIR-552/2026-MEG,Shillong Central PS,Meghalaya
MP-MEG-2026-063,IND-USR-063,60+,Female,25.593581,91.887157,06:00,Friday,Heatwave,Shillong Police Bazaar,37.98,55.15,Shillong Police Bazaar,74.7,Shillong Police Bazaar,FIR-949/2026-MEG,Shillong Central PS,Meghalaya
MP-MEG-2026-064,IND-USR-064,26–40,Male,25.582427,91.898633,07:30,Sunday,Heatwave,Shillong Police Bazaar,4.4,28.24,Shillong Police Bazaar,13.5,Shillong Police Bazaar,FIR-838/2026-MEG,Shillong Central PS,Meghalaya
MP-MIZ-2026-065,IND-USR-065,41–60,Female,23.718124,92.726195,11:30,Sunday,Heatwave,Aizawl Zarkawt Hub,43.63,24.76,Aizawl Zarkawt Hub,83.7,Aizawl Zarkawt Hub,FIR-997/2026-MIZ,Aizawl Town PS,Mizoram
MP-MIZ-2026-066,IND-USR-066,60+,Female,23.734725,92.709368,08:45,Monday,Dense Fog,Aizawl Zarkawt Hub,25.54,32.74,Aizawl Zarkawt Hub,64.9,Aizawl Zarkawt Hub,FIR-792/2026-MIZ,Aizawl Town PS,Mizoram
MP-MIZ-2026-067,IND-USR-067,41–60,Male,23.732345,92.716744,08:45,Saturday,Dense Fog,Aizawl Zarkawt Hub,30.27,15.83,Aizawl Zarkawt Hub,5.3,Aizawl Zarkawt Hub,FIR-734/2026-MIZ,Aizawl Town PS,Mizoram
MP-MIZ-2026-068,IND-USR-068,60+,Female,23.715016,92.729218,17:45,Friday,Monsoon Rain,Aizawl Zarkawt Hub,40.19,42.75,Aizawl Zarkawt Hub,80.2,Aizawl Zarkawt Hub,FIR-238/2026-MIZ,Aizawl Town PS,Mizoram
MP-NAG-2026-069,IND-USR-069,41–60,Male,25.897518,93.725441,17:30,Monday,Heatwave,Dimapur Railway Hub,14.59,58.41,Kohima War Memorial Zone,91.2,Dimapur Railway Hub,FIR-341/2026-NAG,Dimapur Central PS,Nagaland
MP-NAG-2026-070,IND-USR-070,26–40,Male,25.892517,93.722105,23:15,Friday,Monsoon Rain,Kohima War Memorial Zone,37.15,21.65,Kohima War Memorial Zone,74.6,Kohima War Memorial Zone,FIR-228/2026-NAG,Dimapur Central PS,Nagaland
MP-NAG-2026-071,IND-USR-071,18–25,Male,25.676306,94.117555,06:30,Sunday,Monsoon Rain,Dimapur Railway Hub,27.73,10.79,Kohima War Memorial Zone,26.2,Kohima War Memorial Zone,FIR-212/2026-NAG,Kohima North PS,Nagaland
MP-NAG-2026-072,IND-USR-072,18–25,Female,25.674387,94.116941,22:15,Friday,Clear,Dimapur Railway Hub,33.54,55.44,Kohima War Memorial Zone,63.6,Kohima War Memorial Zone,FIR-625/2026-NAG,Kohima North PS,Nagaland
MP-ODI-2026-073,IND-USR-073,18–25,Female,19.828458,85.841619,20:00,Monday,Dense Fog,Puri Jagannath Corridor,28.55,13.28,Bhubaneswar Master Canteen,27.1,Bhubaneswar Master Canteen,FIR-536/2026-ODI,Puri Town PS,Odisha
MP-ODI-2026-074,IND-USR-074,18–25,Male,19.813667,85.829106,19:45,Tuesday,Heatwave,Puri Jagannath Corridor,17.24,32.67,Puri Jagannath Corridor,40.5,Puri Jagannath Corridor,FIR-912/2026-ODI,Puri Town PS,Odisha
MP-ODI-2026-075,IND-USR-075,60+,Male,20.301053,85.820729,08:00,Monday,Heatwave,Puri Jagannath Corridor,7.06,46.94,Puri Jagannath Corridor,78.1,Puri Jagannath Corridor,FIR-256/2026-ODI,Bhubaneswar Capital PS,Odisha
MP-ODI-2026-076,IND-USR-076,60+,Male,20.291708,85.82946,15:30,Wednesday,Clear,Puri Jagannath Corridor,27.27,20.64,Bhubaneswar Master Canteen,63.4,Puri Jagannath Corridor,FIR-868/2026-ODI,Bhubaneswar Capital PS,Odisha
MP-PUN-2026-077,IND-USR-077,60+,Male,31.622447,74.865657,14:00,Tuesday,Dense Fog,Amritsar Golden Temple Zone,32.51,25.45,Ludhiana Junction Terminal,33.3,Ludhiana Junction Terminal,FIR-331/2026-PUN,Amritsar Kotwali PS,Punjab
MP-PUN-2026-078,IND-USR-078,18–25,Male,31.621088,74.879529,18:45,Thursday,Dense Fog,Amritsar Golden Temple Zone,9.61,25.58,Amritsar Golden Temple Zone,31.8,Ludhiana Junction Terminal,FIR-131/2026-PUN,Amritsar Kotwali PS,Punjab
MP-PUN-2026-079,IND-USR-079,41–60,Female,31.641633,74.858793,19:45,Friday,Heatwave,Amritsar Golden Temple Zone,20.4,20.78,Amritsar Golden Temple Zone,49.7,Amritsar Golden Temple Zone,FIR-183/2026-PUN,Amritsar Kotwali PS,Punjab
MP-PUN-2026-080,IND-USR-080,41–60,Male,30.906347,75.860094,13:45,Friday,Clear,Ludhiana Junction Terminal,3.32,25.07,Amritsar Golden Temple Zone,21.1,Ludhiana Junction Terminal,FIR-639/2026-PUN,Ludhiana Division 1 PS,Punjab
MP-RAJ-2026-081,IND-USR-081,26–40,Male,26.901,75.787222,18:15,Friday,Thunderstorm,Jodhpur Clock Tower Hub,38.0,50.31,Jodhpur Clock Tower Hub,7.8,Jodhpur Clock Tower Hub,FIR-540/2026-RAJ,Jaipur Sadar PS,Rajasthan
MP-RAJ-2026-082,IND-USR-082,60+,Female,26.925035,75.798163,19:30,Monday,Heatwave,Jodhpur Clock Tower Hub,3.88,26.24,Jaipur Junction Hub,77.1,Jodhpur Clock Tower Hub,FIR-689/2026-RAJ,Jaipur Sadar PS,Rajasthan
MP-RAJ-2026-083,IND-USR-083,60+,Male,26.249235,73.016599,18:30,Saturday,Dense Fog,Jodhpur Clock Tower Hub,12.31,48.96,Jaipur Junction Hub,8.3,Jodhpur Clock Tower Hub,FIR-703/2026-RAJ,Jodhpur Khanda Falsa PS,Rajasthan
MP-RAJ-2026-084,IND-USR-084,26–40,Male,26.919221,75.796868,09:15,Wednesday,Monsoon Rain,Jaipur Junction Hub,10.29,17.64,Jodhpur Clock Tower Hub,73.1,Jodhpur Clock Tower Hub,FIR-934/2026-RAJ,Jaipur Sadar PS,Rajasthan
MP-SIK-2026-085,IND-USR-085,41–60,Female,27.346533,88.614296,10:45,Monday,Heatwave,Gangtok MG Marg Promenade,21.57,25.14,Gangtok MG Marg Promenade,27.1,Gangtok MG Marg Promenade,FIR-559/2026-SIK,Gangtok Sadar PS,Sikkim
MP-SIK-2026-086,IND-USR-086,41–60,Male,27.337752,88.592628,08:45,Thursday,Thunderstorm,Gangtok MG Marg Promenade,26.28,49.59,Gangtok MG Marg Promenade,86.1,Gangtok MG Marg Promenade,FIR-477/2026-SIK,Gangtok Sadar PS,Sikkim
MP-SIK-2026-087,IND-USR-087,18–25,Female,27.338941,88.620232,08:15,Monday,Monsoon Rain,Gangtok MG Marg Promenade,32.72,59.55,Gangtok MG Marg Promenade,50.8,Gangtok MG Marg Promenade,FIR-561/2026-SIK,Gangtok Sadar PS,Sikkim
MP-SIK-2026-088,IND-USR-088,18–25,Female,27.335522,88.614734,08:30,Monday,Thunderstorm,Gangtok MG Marg Promenade,31.49,24.21,Gangtok MG Marg Promenade,69.8,Gangtok MG Marg Promenade,FIR-795/2026-SIK,Gangtok Sadar PS,Sikkim
MP-TN-2026-089,IND-USR-089,60+,Male,13.095202,80.265007,08:30,Friday,Heatwave,Coimbatore Junction Hub,30.03,26.42,Chennai Central Railway Station,13.1,Chennai Central Railway Station,FIR-771/2026-TN,Flower Bazaar PS Chennai,Tamil Nadu
MP-TN-2026-090,IND-USR-090,41–60,Female,13.078578,80.261108,12:15,Tuesday,Monsoon Rain,Coimbatore Junction Hub,6.24,52.22,Coimbatore Junction Hub,10.6,Chennai Central Railway Station,FIR-319/2026-TN,Flower Bazaar PS Chennai,Tamil Nadu
MP-TN-2026-091,IND-USR-091,26–40,Female,13.072328,80.261125,07:45,Wednesday,Monsoon Rain,Coimbatore Junction Hub,43.72,40.53,Chennai Central Railway Station,72.5,Coimbatore Junction Hub,FIR-809/2026-TN,Flower Bazaar PS Chennai,Tamil Nadu
MP-TN-2026-092,IND-USR-092,26–40,Female,11.030768,76.964331,20:45,Sunday,Dense Fog,Chennai Central Railway Station,35.68,35.15,Chennai Central Railway Station,40.8,Coimbatore Junction Hub,FIR-955/2026-TN,Coimbatore Central PS,Tamil Nadu
MP-TEL-2026-093,IND-USR-093,18–25,Male,17.371565,78.486118,15:00,Sunday,Monsoon Rain,Hyderabad Secunderabad Hub,14.46,55.27,Hyderabad Secunderabad Hub,15.0,Hitec City Cyberabad,FIR-480/2026-TEL,Secunderabad PS,Telangana
MP-TEL-2026-094,IND-USR-094,18–25,Female,17.455039,78.390114,22:30,Tuesday,Heatwave,Hyderabad Secunderabad Hub,44.77,28.75,Hyderabad Secunderabad Hub,3.7,Hitec City Cyberabad,FIR-524/2026-TEL,Madhapur Cyberabad PS,Telangana
MP-TEL-2026-095,IND-USR-095,26–40,Female,17.371149,78.499222,20:00,Monday,Clear,Hitec City Cyberabad,13.75,51.75,Hyderabad Secunderabad Hub,53.1,Hyderabad Secunderabad Hub,FIR-583/2026-TEL,Secunderabad PS,Telangana
MP-TEL-2026-096,IND-USR-096,60+,Male,17.437535,78.363632,09:45,Friday,Thunderstorm,Hyderabad Secunderabad Hub,3.69,35.77,Hitec City Cyberabad,24.0,Hyderabad Secunderabad Hub,FIR-529/2026-TEL,Madhapur Cyberabad PS,Telangana
MP-TRI-2026-097,IND-USR-097,26–40,Male,23.834944,91.279017,22:30,Monday,Thunderstorm,Agartala Palace Square,25.85,49.32,Agartala Palace Square,49.2,Agartala Palace Square,FIR-526/2026-TRI,Agartala West PS,Tripura
MP-TRI-2026-098,IND-USR-098,18–25,Female,23.83557,91.301231,08:30,Tuesday,Clear,Agartala Palace Square,35.4,46.76,Agartala Palace Square,32.6,Agartala Palace Square,FIR-359/2026-TRI,Agartala West PS,Tripura
MP-TRI-2026-099,IND-USR-099,60+,Male,23.841412,91.29234,10:00,Saturday,Heatwave,Agartala Palace Square,4.55,20.08,Agartala Palace Square,76.2,Agartala Palace Square,FIR-812/2026-TRI,Agartala West PS,Tripura
MP-TRI-2026-100,IND-USR-100,18–25,Male,23.846174,91.288091,15:30,Sunday,Clear,Agartala Palace Square,39.36,26.6,Agartala Palace Square,12.8,Agartala Palace Square,FIR-359/2026-TRI,Agartala West PS,Tripura
MP-UP-2026-101,IND-USR-101,26–40,Female,25.315792,82.987594,21:30,Sunday,Thunderstorm,Varanasi Godowlia Crossing,14.2,14.13,Varanasi Godowlia Crossing,41.3,Kanpur Central Station,FIR-447/2026-UP,Varanasi Dashashwamedh PS,Uttar Pradesh
MP-UP-2026-102,IND-USR-102,41–60,Female,25.311413,82.961978,20:45,Tuesday,Heatwave,Kanpur Central Station,17.76,12.12,Lucknow Charbagh Station,83.7,Kanpur Central Station,FIR-435/2026-UP,Varanasi Dashashwamedh PS,Uttar Pradesh
MP-UP-2026-103,IND-USR-103,18–25,Female,25.321784,82.982644,17:15,Monday,Monsoon Rain,Kanpur Central Station,38.64,43.9,Varanasi Godowlia Crossing,42.6,Varanasi Godowlia Crossing,FIR-158/2026-UP,Varanasi Dashashwamedh PS,Uttar Pradesh
MP-UP-2026-104,IND-USR-104,18–25,Male,26.84269,80.942686,20:30,Wednesday,Heatwave,Lucknow Charbagh Station,35.05,38.7,Lucknow Charbagh Station,51.3,Kanpur Central Station,FIR-680/2026-UP,Lucknow Charbagh PS,Uttar Pradesh
MP-UTT-2026-105,IND-USR-105,60+,Female,29.959516,78.149977,23:00,Wednesday,Dense Fog,Haridwar Har Ki Pauri,32.57,20.73,Haridwar Har Ki Pauri,59.1,Dehradun Clock Tower,FIR-290/2026-UTT,Haridwar Kotwali PS,Uttarakhand
MP-UTT-2026-106,IND-USR-106,60+,Male,29.956285,78.162761,16:30,Saturday,Clear,Dehradun Clock Tower,26.1,24.52,Dehradun Clock Tower,29.5,Dehradun Clock Tower,FIR-830/2026-UTT,Haridwar Kotwali PS,Uttarakhand
MP-UTT-2026-107,IND-USR-107,26–40,Female,30.305141,78.023229,06:30,Friday,Thunderstorm,Dehradun Clock Tower,18.49,50.18,Haridwar Har Ki Pauri,53.4,Dehradun Clock Tower,FIR-242/2026-UTT,Dehradun City PS,Uttarakhand
MP-UTT-2026-108,IND-USR-108,60+,Female,30.331488,78.038766,08:15,Wednesday,Clear,Dehradun Clock Tower,21.9,44.01,Haridwar Har Ki Pauri,33.7,Haridwar Har Ki Pauri,FIR-638/2026-UTT,Dehradun City PS,Uttarakhand
MP-WB-2026-109,IND-USR-109,26–40,Male,22.582542,88.364443,16:15,Wednesday,Thunderstorm,Howrah Junction Kolkata,40.59,52.3,Park Street Commercial Hub,24.8,Howrah Junction Kolkata,FIR-411/2026-WB,Howrah Station PS,West Bengal
MP-WB-2026-110,IND-USR-110,26–40,Male,22.553977,88.343359,16:00,Sunday,Clear,Howrah Junction Kolkata,6.41,57.43,Park Street Commercial Hub,74.2,Howrah Junction Kolkata,FIR-694/2026-WB,Park Street PS Kolkata,West Bengal
MP-WB-2026-111,IND-USR-111,41–60,Female,22.553841,88.357115,13:45,Wednesday,Heatwave,Howrah Junction Kolkata,6.06,13.0,Park Street Commercial Hub,42.8,Howrah Junction Kolkata,FIR-396/2026-WB,Park Street PS Kolkata,West Bengal
MP-WB-2026-112,IND-USR-112,41–60,Female,22.5571,88.347677,18:15,Sunday,Dense Fog,Park Street Commercial Hub,24.63,15.31,Howrah Junction Kolkata,24.0,Park Street Commercial Hub,FIR-835/2026-WB,Park Street PS Kolkata,West Bengal
