User_ID,Date_Only,Trajectory_Risk_Score,Risk_Level,ML_Anomaly_Label,ML_Anomaly_Score,Rule_Based_Anomaly,ML_Anomaly_Binary,Both_Anomaly,Dominant_Direction,Direction_Changes
5,2009-01-14,98.6707658065402,High Risk,Anomaly,-0.21988174510517733,1,1,1,North,5949
5,2009-01-16,86.5793384303614,High Risk,Anomaly,-0.16458039149100434,1,1,1,North,4650
3,2009-01-20,80.35534066087794,High Risk,Anomaly,-0.21906398298034824,1,1,1,South-East,1614
3,2009-02-14,80.34348485497735,High Risk,Anomaly,-0.1024601630205404,1,1,1,North,4939
3,2009-04-03,79.62513949158233,High Risk,Anomaly,-0.1152165822836726,1,1,1,North,4404
0,2009-04-03,79.62513949158233,High Risk,Anomaly,-0.1152165822836726,1,1,1,North,4404
2,2008-11-01,79.60071125366737,High Risk,Anomaly,-0.14034616263012212,1,1,1,West,3681
2,2009-01-31,78.28206421247269,High Risk,Anomaly,-0.23096476870464333,1,1,1,East,781
5,2009-01-13,78.05228254599251,High Risk,Anomaly,-0.13773700864686567,1,1,1,North,3387
3,2009-02-21,76.55896816703664,High Risk,Anomaly,-0.08881021009284895,1,1,1,North,4428
3,2009-03-22,76.29144487348967,High Risk,Anomaly,-0.21825651975780713,1,1,1,North-West,670
4,2009-01-20,74.82883451024223,Medium Risk,Anomaly,-0.1970914122957591,1,1,1,North-East,926
5,2008-11-30,74.6653111233125,Medium Risk,Anomaly,-0.1017881756417276,1,1,1,North,3607
8,2008-11-19,72.82171857616322,Medium Risk,Anomaly,-0.13666253493580105,1,1,1,North,2173
3,2009-02-04,72.80794370827854,Medium Risk,Anomaly,-0.18300951206207472,1,1,1,North,847
2,2009-01-28,72.75003284601452,Medium Risk,Anomaly,-0.11451578730173084,1,1,1,East,2788
1,2008-12-13,71.83586757695073,Medium Risk,Anomaly,-0.0770753036127989,1,1,1,North,3639
7,2008-11-01,71.53091812192821,Medium Risk,Anomaly,-0.09432974982406905,1,1,1,North,3074
3,2009-01-25,71.4442916921334,Medium Risk,Anomaly,-0.07416077338673133,1,1,1,North,3629
3,2009-03-20,70.18987987248553,Medium Risk,Anomaly,-0.16552520093050815,1,1,1,South-East,723
1,2008-11-05,68.43201038639899,Medium Risk,Anomaly,-0.06810593281063093,1,1,1,North,3085
1,2008-10-25,67.19070340085226,Medium Risk,Anomaly,-0.06777721675075055,1,1,1,West,2799
5,2008-11-01,66.82366137805968,Medium Risk,Anomaly,-0.032515934744821284,1,1,1,North,3718
2,2009-01-29,66.66940233825989,Medium Risk,Anomaly,-0.1256600800996761,1,1,1,South-West,1023
2,2009-01-27,66.50862716272023,Medium Risk,Anomaly,-0.08052069261150174,1,1,1,North,2273
7,2008-10-26,65.72738981912502,Medium Risk,Anomaly,-0.04243659445683545,1,1,1,East,3174
8,2008-11-05,65.47957231521693,Medium Risk,Anomaly,-0.06812127420511671,1,1,1,North,2382
2,2009-01-24,64.75609048466401,Medium Risk,Anomaly,-0.12039399640244564,1,1,1,West,718
3,2008-11-07,64.11586079744455,Medium Risk,Anomaly,-0.020520365140222596,1,1,1,North,3416
2,2009-02-14,63.91767512370162,Medium Risk,Anomaly,-0.05572903305900445,1,1,1,South,2364
6,2008-12-07,63.11677193955939,Medium Risk,Anomaly,-0.028413158504616676,1,1,1,North-West,2953
2,2009-01-30,61.91038999214877,Medium Risk,Anomaly,-0.10525140292092061,1,1,1,North-East,473
3,2009-03-21,61.39197720053957,Medium Risk,Anomaly,-0.1117910454599762,1,1,1,South-East,163
3,2009-06-28,60.41511508107868,Medium Risk,Anomaly,-0.017660143639359638,1,1,1,North,2617
0,2009-06-28,60.41511508107868,Medium Risk,Anomaly,-0.017660143639359638,1,1,1,North,2617
8,2008-11-07,59.873107467049095,Medium Risk,Anomaly,-0.10091385291718158,1,1,1,North,112
3,2008-12-22,59.86734786234769,Medium Risk,Normal,0.0007124860534265531,1,0,0,North,3011
4,2009-02-07,59.82720330197479,Medium Risk,Normal,0.006057797014500599,1,0,0,North,3154
2,2008-10-26,58.87114585922397,Medium Risk,Anomaly,-0.0006871072633237718,1,1,1,North,2734
4,2009-05-23,58.39449379938458,Medium Risk,Anomaly,-0.018962650247277946,1,1,1,North,2099
4,2009-07-02,58.31758068444975,Medium Risk,Normal,0.021237774009658095,1,0,0,North,3228
1,2008-12-09,58.09645051456734,Medium Risk,Anomaly,-0.02523736672164023,1,1,1,West,1849
0,2009-07-02,58.05467823040385,Medium Risk,Normal,0.020276310825667998,1,0,0,North,3138
3,2009-07-02,58.05467823040385,Medium Risk,Normal,0.020276310825667998,1,0,0,North,3138
3,2008-11-22,57.94416671065716,Medium Risk,Normal,0.014960787322954694,1,0,0,North,2960
3,2008-12-14,57.8040025116082,Medium Risk,Normal,0.005302384414656247,1,0,0,North,2651
4,2009-01-31,57.19588239796536,Medium Risk,Normal,0.02452862147192203,1,0,0,North,3055
7,2008-11-08,56.41634991501833,Medium Risk,Normal,0.02258386623262676,1,0,0,North,2814
3,2009-05-23,55.897392876235244,Medium Risk,Anomaly,-0.0017160560156620486,1,1,1,North,1997
0,2009-05-23,55.897392876235244,Medium Risk,Anomaly,-0.0017160560156620486,1,1,1,North,1997
2,2008-10-24,55.80273922058506,Medium Risk,Normal,0.0028573783273684317,1,0,0,North,2105
0,2009-04-04,55.68752899723265,Medium Risk,Normal,0.029116211303038486,1,0,0,North,2827
3,2009-04-04,55.68752899723265,Medium Risk,Normal,0.029116211303038486,1,0,0,North,2827
1,2008-11-15,54.907514485020194,Medium Risk,Normal,0.012529136414896502,1,0,0,North,2168
3,2008-12-02,54.830433094974275,Medium Risk,Normal,0.033003957219661595,1,0,0,North,2734
8,2008-11-12,54.79790013185914,Medium Risk,Anomaly,-0.008806730765519855,1,1,1,North,1533
2,2009-01-25,54.4596811597846,Medium Risk,Anomaly,-0.03135499400843589,1,1,1,North,809
1,2008-10-26,53.9109700847505,Medium Risk,Normal,0.011132397971777896,1,0,0,North,1891
2,2008-10-25,53.79000604482932,Medium Risk,Normal,0.011510280622639923,1,0,0,North,1873
2,2009-01-26,53.73371579915837,Medium Risk,Anomaly,-0.022709073927279166,1,1,1,North,883
9,2008-11-16,53.509214346636476,Medium Risk,Normal,0.01020742896064697,1,0,0,North,1769
4,2009-05-22,53.473527014123974,Medium Risk,Normal,0.00742154667998296,1,0,0,North,1681
0,2009-06-29,52.77598261081134,Medium Risk,Anomaly,-0.003896510891162941,1,1,1,North,1192
3,2009-06-29,52.77598261081134,Medium Risk,Anomaly,-0.003896510891162941,1,1,1,North,1192
8,2008-10-29,52.74927273926461,Medium Risk,Normal,0.015807926281163898,1,0,0,North,1748
7,2008-12-11,52.63880048095479,Medium Risk,Normal,0.05635824154143221,1,0,0,North,2879
9,2008-12-14,52.59665054263129,Medium Risk,Normal,0.014662778034938206,1,0,0,North,1679
0,2009-05-22,52.31067184392558,Medium Risk,Normal,0.012842549664483283,1,0,0,North,1559
3,2009-05-22,52.31067184392558,Medium Risk,Normal,0.012842549664483283,1,0,0,North,1559
1,2008-11-01,52.160641050919715,Medium Risk,Anomaly,-0.0002374953511422584,1,1,1,South,1150
4,2009-06-13,51.79328070438184,Medium Risk,Normal,0.04343582191375517,1,0,0,North,2309
1,2008-10-27,51.786749568445146,Medium Risk,Normal,0.002739818600121291,1,0,0,South,1146
2,2008-10-27,51.61465773177861,Medium Risk,Normal,0.012514006291495905,1,0,0,North,1384
9,2008-11-14,51.53197536421483,Medium Risk,Normal,0.03685478808045212,1,0,0,North,2059
2,2009-02-08,51.51694668276308,Medium Risk,Normal,0.009369294442840626,1,0,0,North,1271
6,2008-12-04,51.359080460326055,Medium Risk,Anomaly,-0.020709455364589346,1,1,1,South-East,375
7,2008-11-04,51.24302951497218,Medium Risk,Normal,0.05699376857254834,1,0,0,North,2565
9,2008-11-01,51.196781526851304,Medium Risk,Normal,0.03414846442792502,1,0,0,North,1902
6,2008-11-21,50.559243658101416,Medium Risk,Normal,0.01588288610816979,1,0,0,North-West,1229
3,2009-06-13,50.27641791802829,Medium Risk,Normal,0.05408604620159779,1,0,0,West,2252
0,2009-06-13,50.27641791802829,Medium Risk,Normal,0.05408604620159779,1,0,0,West,2252
2,2009-03-09,50.223169903302114,Medium Risk,Anomaly,-0.006753341920690659,1,1,1,West,503
3,2009-02-27,49.75682273004397,Low Risk,Normal,0.05943451318050014,1,0,0,North,2281
1,2008-12-06,49.66028731812272,Low Risk,Normal,0.013041764460669292,1,0,0,South,934
4,2008-11-03,49.652126067559934,Low Risk,Normal,0.06608891313685217,1,0,0,North,2446
0,2009-06-25,49.61152082448407,Low Risk,Normal,0.0033921564342439536,1,0,0,East,647
3,2009-06-25,49.61152082448407,Low Risk,Normal,0.0033921564342439536,1,0,0,East,647
1,2008-11-17,49.036096029859685,Low Risk,Normal,0.05405615773724465,1,0,0,North,1956
3,2008-12-03,48.96093922738296,Low Risk,Normal,0.0672968794038627,1,0,0,North,2316
5,2008-12-04,48.90337174996387,Low Risk,Anomaly,-0.007487089554880422,1,1,1,North,168
2,2009-03-21,48.88670542878669,Low Risk,Normal,0.0035139898504336076,1,0,0,West,478
2,2009-03-07,48.79889955768568,Low Risk,Normal,0.03017503162301255,1,0,0,South,1218
2,2008-11-14,48.666069323272026,Low Risk,Normal,0.07504637786041007,1,0,0,North,2467
2,2008-11-09,48.630248617074116,Low Risk,Normal,0.07100020047033345,1,0,0,West,2343
9,2008-11-12,48.5767593941348,Low Risk,Normal,0.040927142734692334,1,0,0,North,1472
2,2009-02-28,48.16591858812984,Low Risk,Normal,0.008262432268824504,1,0,0,West,442
3,2008-12-16,48.05098576579515,Low Risk,Normal,0.07148519008492205,1,0,0,North,2219
2,2009-01-19,47.67219708259664,Low Risk,Normal,0.007999147491790204,1,0,0,West,317
1,2008-11-07,47.639215439226646,Low Risk,Normal,0.03308181944673133,1,0,0,North,1025
8,2008-10-27,47.11421107363918,Low Risk,Normal,0.010514195434270235,1,0,0,South,256
9,2008-12-13,47.07443858677026,Low Risk,Normal,0.060706436653709894,1,0,0,North,1679
3,2009-01-03,47.01615941519916,Low Risk,Normal,0.08473862973758861,1,0,0,North,2351
7,2008-12-06,46.95755360099679,Low Risk,Normal,0.04580830529701979,1,0,0,South,1226
7,2008-11-14,46.820726548837314,Low Risk,Normal,0.07729300592334881,1,0,0,North,2092
1,2008-10-28,46.81299266009828,Low Risk,Normal,0.01866701801573306,1,0,0,North,417
8,2008-10-25,46.77533561637091,Low Risk,Normal,0.053774813062242965,1,0,0,East,1410
5,2009-01-17,46.64430071049674,Low Risk,Normal,0.016920036937897065,1,0,0,West,327
3,2008-12-01,46.23512786995543,Low Risk,Normal,0.08518903151217727,1,0,0,North,2178
2,2008-12-14,46.20000379483683,Low Risk,Normal,0.08148743656032909,1,0,0,West,2064
8,2008-11-01,46.062809997231525,Low Risk,Normal,0.06521691820397285,1,0,0,East,1567
9,2008-11-05,45.629178654487795,Low Risk,Normal,0.040345715069771804,1,0,0,South-West,754
4,2008-12-10,45.55511624079843,Low Risk,Normal,0.09383722388027488,1,0,0,North,2263
3,2009-01-13,45.44460419316903,Low Risk,Normal,0.09079924549546847,1,0,0,North,2150
9,2008-12-05,45.193298942826736,Low Risk,Normal,0.08045572766523779,1,0,0,North,1795
5,2009-01-20,45.15151489748921,Low Risk,Normal,0.02624825898248745,1,0,0,South,238
8,2008-11-02,44.89922790258819,Low Risk,Normal,0.036305676025974454,1,0,0,North,465
2,2009-02-07,44.81370326303387,Low Risk,Normal,0.05534421503069559,1,0,0,South,988
9,2008-12-11,44.76532823113009,Low Risk,Normal,0.08840399124078924,1,0,0,North,1920
4,2008-12-04,44.75640620499419,Low Risk,Normal,0.08746224866428282,1,0,0,North,1891
3,2009-01-29,44.73076057825042,Low Risk,Normal,0.035152486539922034,1,0,0,West,392
5,2009-01-22,44.679435184964184,Low Risk,Normal,0.027521442379274785,1,0,0,West,162
9,2008-11-11,44.60171814941266,Low Risk,Normal,0.08205955661682662,1,0,0,North,1700
3,2009-01-08,44.53930048717413,Low Risk,Normal,0.08916733746196426,1,0,0,North-West,1888
3,2008-11-09,44.43518233448054,Low Risk,Normal,0.08859886174392151,1,0,0,West,1847
3,2009-01-17,44.39219744620433,Low Risk,Normal,0.07087709612266418,1,0,0,North,1331
2,2008-12-06,44.36178546589168,Low Risk,Normal,0.09628873335994265,1,0,0,North,2049
9,2008-11-15,44.15842132143027,Low Risk,Normal,0.0656432853642464,1,0,0,North,1126
5,2008-11-22,44.12437284927979,Low Risk,Normal,0.08786164722078488,1,0,0,North,1752
8,2008-11-17,44.03747765423024,Low Risk,Normal,0.06745760075514412,1,0,0,East,1149
2,2008-11-16,43.864434833876636,Low Risk,Normal,0.09521476977086668,1,0,0,West,1900
4,2009-04-25,43.86129493161617,Low Risk,Normal,0.10659361446063703,1,0,0,North,2224
2,2009-03-15,43.804206043943346,Low Risk,Normal,0.05545703943116653,1,0,0,South,751
9,2008-11-04,43.78819673727391,Low Risk,Normal,0.07685924983420184,1,0,0,North,1358
2,2008-11-22,43.761072661493,Low Risk,Normal,0.10157773017681959,1,0,0,North,2057
3,2009-03-09,43.483641908255656,Low Risk,Normal,0.10014173802344872,1,0,0,North,1950
5,2008-10-24,43.34823447968013,Low Risk,Normal,0.10501993421754124,1,0,0,North,2057
8,2008-11-06,43.32924113465652,Low Risk,Normal,0.04816970276727417,1,0,0,North,430
3,2008-12-11,43.310627199176494,Low Risk,Normal,0.0931048583200208,1,0,0,North,1708
8,2008-11-20,43.08553619418582,Low Risk,Normal,0.04459543645238989,1,0,0,West,270
4,2009-04-06,42.792728749035916,Low Risk,Normal,0.08708651357171665,1,0,0,North,1413
9,2008-12-08,42.7588170868192,Low Risk,Normal,0.09143379986819544,1,0,0,North,1529
3,2008-12-10,42.725242691058604,Low Risk,Normal,0.08404017960840654,1,0,0,North,1310
4,2009-04-05,42.60273558691124,Low Risk,Normal,0.11326809755593187,1,0,0,North,2115
3,2008-12-05,42.56453849659598,Low Risk,Normal,0.10983739871731474,1,0,0,North,2008
8,2008-11-18,42.42287139989616,Low Risk,Normal,0.07075869294697562,1,0,0,North,859
3,2009-03-13,42.30403518061495,Low Risk,Normal,0.10913624446033837,1,0,0,North,1926
1,2008-11-04,42.302192669226805,Low Risk,Normal,0.07730107619588639,1,0,0,North,1017
2,2008-12-10,42.27161541671825,Low Risk,Normal,0.09171181784147175,1,0,0,North,1421
2,2009-03-22,42.263511196482646,Low Risk,Normal,0.09615927602367436,1,0,0,South,1546
0,2008-11-15,42.23213890921704,Low Risk,Normal,0.04698070196913495,1,0,0,South,135
8,2008-10-26,42.160026193814154,Low Risk,Normal,0.07859156350948909,1,0,0,South,1020
0,2008-11-23,41.92610019046395,Low Risk,Normal,0.04518757571548371,1,0,0,North-West,11
8,2008-11-14,41.90585768013725,Low Risk,Normal,0.061649531664787316,1,0,0,East,476
7,2008-11-11,41.901158294146704,Low Risk,Normal,0.10702929448344839,1,0,0,North,1770
4,2008-12-11,41.772114042754666,Low Risk,Normal,0.1073694318767463,1,0,0,North,1749
6,2008-12-09,41.743673336948696,Low Risk,Normal,0.048320430872393516,1,0,0,West,57
4,2009-02-23,41.684732016086535,Low Risk,Normal,0.11121649342357393,1,0,0,South,1838
2,2008-10-23,41.636682429456634,Low Risk,Normal,0.09514875480315005,1,0,0,North,1368
7,2008-10-29,41.60903345254449,Low Risk,Normal,0.10823863452164317,1,0,0,North,1735
9,2008-12-01,41.57332796271297,Low Risk,Normal,0.08611132708886732,1,0,0,North,1095
4,2009-01-17,41.52379441178032,Low Risk,Normal,0.0932518378365107,1,0,0,East,1287
6,2008-10-31,41.485131251164354,Low Risk,Normal,0.06452680354926904,1,0,0,West,458
4,2009-02-26,41.25655815678345,Low Risk,Normal,0.10550120652499356,1,0,0,North,1573
5,2008-10-28,41.22524674901685,Low Risk,Normal,0.12159994570610427,1,0,0,North,2025
8,2008-12-12,41.17651588202913,Low Risk,Normal,0.08493490382201418,1,0,0,North,967
2,2009-02-25,41.1207888142669,Low Risk,Normal,0.06717922488473616,1,0,0,North-West,447
9,2008-10-27,41.06860349602077,Low Risk,Normal,0.07199422691432461,1,0,0,West,572
5,2008-11-26,41.063577034192726,Low Risk,Normal,0.11240116637076375,1,0,0,North,1724
3,2008-12-09,41.03726984328122,Low Risk,Normal,0.11248035678205864,1,0,0,North,1720
7,2008-10-28,40.876761236021,Low Risk,Normal,0.11129584738594706,1,0,0,North,1648
2,2008-10-30,40.83182859417691,Low Risk,Normal,0.10665990174558682,1,0,0,West,1505
5,2008-11-09,40.785284007385485,Low Risk,Normal,0.06093654618285799,1,0,0,North,189
8,2008-11-15,40.63170096705096,Low Risk,Normal,0.0996388523509456,1,0,0,North,1257
8,2008-10-30,40.57638878529198,Low Risk,Normal,0.08051318970520988,1,0,0,West,698
5,2008-10-26,40.564498727545455,Low Risk,Normal,0.09473308027608718,1,0,0,North,1101
2,2008-11-13,40.49437605777565,Low Risk,Normal,0.12678285715553012,1,0,0,North,1999
5,2009-02-22,40.459849315348755,Low Risk,Normal,0.08554941851273062,1,0,0,North,814
4,2009-04-26,40.44316196797562,Low Risk,Normal,0.07391542241944654,1,0,0,South,478
2,2008-11-11,40.41504007810665,Low Risk,Normal,0.1255172028918941,1,0,0,North,1944
2,2008-11-15,40.40087126150718,Low Risk,Normal,0.11831217170653657,1,0,0,North,1735
1,2008-10-29,40.33789937628572,Low Risk,Normal,0.07142933908386068,1,0,0,North,382
4,2009-02-12,40.306955566948666,Low Risk,Normal,0.08311008818436016,1,0,0,North,708
9,2008-12-09,40.28249121098544,Low Risk,Normal,0.07525507934388309,1,0,0,South,478
1,2008-11-02,40.21122104730339,Low Risk,Normal,0.09070589622810693,1,0,0,North,902
2,2008-10-28,40.189497364589435,Low Risk,Normal,0.10739043657435832,1,0,0,North,1373
2,2009-02-21,40.127787785166284,Low Risk,Normal,0.07721072392055706,1,0,0,South,497
0,2009-06-09,39.95431071961302,Low Risk,Normal,0.121054454997017,1,0,0,North,1707
3,2009-06-09,39.95431071961302,Low Risk,Normal,0.121054454997017,1,0,0,North,1707
4,2009-03-08,39.93186172492855,Low Risk,Normal,0.12639237842852047,1,0,0,North,1854
2,2008-12-11,39.8499887290093,Low Risk,Normal,0.12514787755614692,1,0,0,West,1799
5,2008-11-04,39.78811778606364,Low Risk,Normal,0.12251023346082995,1,0,0,North,1709
2,2009-02-18,39.63302311001105,Low Risk,Normal,0.07604512070235164,1,0,0,West,346
3,2009-01-10,39.595045618251106,Low Risk,Normal,0.06546461693170946,1,0,0,South-East,35
9,2008-11-09,39.592552142871355,Low Risk,Normal,0.11208739425131858,1,0,0,North,1365
2,2008-12-13,39.58973642213823,Low Risk,Normal,0.12483006037737249,1,0,0,East,1728
2,2008-10-31,39.49852415068502,Low Risk,Normal,0.11364225031076486,1,0,0,West,1387
2,2009-03-12,39.475254373217005,Low Risk,Normal,0.07038780236742453,1,0,0,West,147
2,2009-03-10,39.4532910903414,Low Risk,Normal,0.08518222972712158,1,0,0,North,564
9,2008-11-13,39.38664528240099,Low Risk,Normal,0.10336257713699631,1,0,0,North,1067
5,2008-11-25,39.32064175000012,Low Risk,Normal,0.13148867029336087,1,0,0,North,1854
9,2008-12-10,39.16782820277965,Low Risk,Normal,0.11342123803166643,1,0,0,North,1302
0,2009-04-05,39.07993033054214,Low Risk,Normal,0.1316736657936704,1,0,0,North,1802
3,2009-04-05,39.07993033054214,Low Risk,Normal,0.1316736657936704,1,0,0,North,1802
2,2009-03-06,38.81542837129861,Low Risk,Normal,0.08394835671869605,1,0,0,West,377
7,2008-12-12,38.807359921858335,Low Risk,Normal,0.1278495296744353,1,0,0,North,1628
2,2009-02-06,38.73029947206665,Low Risk,Normal,0.08921323451696755,1,0,0,West,507
1,2008-10-31,38.708602527833094,Low Risk,Normal,0.0897094932894762,1,0,0,South,516
3,2009-04-19,38.70114612715644,Low Risk,Normal,0.11223171939609256,1,0,0,North,1157
0,2009-04-19,38.70114612715644,Low Risk,Normal,0.11223171939609256,1,0,0,North,1157
4,2009-05-10,38.691697222757156,Low Risk,Normal,0.13193239267861817,1,0,0,North,1717
4,2009-01-19,38.5890474488052,Low Risk,Normal,0.12055963467617042,1,0,0,South,1368
7,2008-11-19,38.54991516195943,Low Risk,Normal,0.12628193536782129,1,0,0,East,1522
4,2009-02-06,38.549596258699204,Low Risk,Normal,0.10350918718702184,1,0,0,West,872
9,2008-12-02,38.46722672328805,Low Risk,Normal,0.09350905442552265,1,0,0,North,567
3,2008-12-26,38.435372003562954,Low Risk,Normal,0.12902397841009344,1,0,0,North,1573
0,2008-11-16,38.4174009994703,Low Risk,Normal,0.07437268532256142,1,0,0,North-West,9
2,2009-03-14,38.40529026898203,Low Risk,Normal,0.08705269597138143,1,0,0,North,368
0,2009-04-25,38.39868162172458,Low Risk,Normal,0.1261063031039924,1,0,0,East,1481
3,2009-04-25,38.39868162172458,Low Risk,Normal,0.1261063031039924,1,0,0,East,1481
1,2008-11-08,38.38401231731687,Low Risk,Normal,0.11999165666293349,1,0,0,North,1303
3,2008-12-06,38.38261784944965,Low Risk,Normal,0.12112453441273419,1,0,0,North,1335
3,2008-12-21,38.31501797333114,Low Risk,Normal,0.13132392469734783,1,0,0,North,1610
3,2009-05-28,38.295916242588234,Low Risk,Normal,0.13418120281605378,1,0,0,North,1687
0,2009-05-28,38.295916242588234,Low Risk,Normal,0.13418120281605378,1,0,0,North,1687
9,2008-11-03,38.234293414403886,Low Risk,Normal,0.12677617400370883,1,0,0,North,1461
3,2009-01-28,38.22155091172194,Low Risk,Normal,0.1285292568676965,1,0,0,East,1508
5,2008-10-29,38.20687433780362,Low Risk,Normal,0.13639526712944916,1,0,0,North,1729
1,2008-10-24,38.15018274373486,Low Risk,Normal,0.10722488764707111,1,0,0,West,883
3,2009-02-16,38.117965341662504,Low Risk,Normal,0.12242016463275368,1,0,0,North,1309
1,2008-11-16,38.10147113288593,Low Risk,Normal,0.11481405328266092,1,0,0,North,1088
3,2009-04-30,38.0738168258253,Low Risk,Normal,0.13610312402270885,1,0,0,North,1689
0,2009-04-30,38.0738168258253,Low Risk,Normal,0.13610312402270885,1,0,0,North,1689
8,2008-12-11,38.066944881981144,Low Risk,Normal,0.09555011868357566,1,0,0,North,530
4,2009-03-03,38.058907094777766,Low Risk,Normal,0.1316373193687086,1,0,0,South,1558
1,2008-12-07,38.02501580518127,Low Risk,Normal,0.10641144557408727,1,0,0,North,830
3,2008-11-21,38.02289430774364,Low Risk,Normal,0.1374387272424511,1,0,0,North,1715
9,2008-12-12,38.01475740316522,Low Risk,Normal,0.11928624621848,1,0,0,North,1195
4,2009-05-03,38.00494862434347,Low Risk,Normal,0.1357312849194912,1,0,0,North,1662
9,2008-12-07,37.9897394550667,Low Risk,Normal,0.11430905838617533,1,0,0,North,1047
3,2009-04-13,37.96904445888564,Low Risk,Normal,0.10165730503499543,1,0,0,South,681
0,2009-04-13,37.96904445888564,Low Risk,Normal,0.10165730503499543,1,0,0,South,681
2,2009-02-09,37.82295960096438,Low Risk,Normal,0.09457108232849831,1,0,0,South,444
2,2009-02-24,37.76934443636,Low Risk,Normal,0.09221499324711657,1,0,0,West,364
8,2008-11-08,37.73466348249243,Low Risk,Normal,0.10799143649181331,1,0,0,South,806
8,2008-12-06,37.606289861188706,Low Risk,Normal,0.11358184542944127,1,0,0,North,935
4,2008-12-17,37.60461650321969,Low Risk,Normal,0.12880276189158946,1,0,0,North,1369
4,2009-03-04,37.57347774666577,Low Risk,Normal,0.12510297683457644,1,0,0,North,1256
7,2008-12-08,37.57235627002451,Low Risk,Normal,0.08432682922735946,1,0,0,South,92
5,2009-03-19,37.544075759733474,Low Risk,Normal,0.08494805930019367,1,0,0,East,103
4,2009-02-15,37.4934051348108,Low Risk,Normal,0.13421503456938938,1,0,0,East,1497
4,2009-07-19,37.41841253004823,Low Risk,Normal,0.13641707446875478,1,0,0,North,1542
4,2009-04-13,37.39805263909784,Low Risk,Normal,0.10305442606728321,1,0,0,South,585
5,2008-11-27,37.363891350088345,Low Risk,Normal,0.13221146799292072,1,0,0,North,1409
5,2008-11-02,37.34090340261351,Low Risk,Normal,0.08390904151470863,1,0,0,South,25
5,2009-02-28,37.32546647695947,Low Risk,Normal,0.0867357628500523,1,0,0,South,102
2,2009-02-19,37.30086988589397,Low Risk,Normal,0.09825847220680789,1,0,0,West,425
2,2008-11-02,37.259859654804295,Low Risk,Normal,0.12603601733020686,1,0,0,North,1208
3,2008-12-29,37.25863443053187,Low Risk,Normal,0.12881432107705665,1,0,0,North,1287
4,2009-04-01,37.24067053650591,Low Risk,Normal,0.09129708271195525,1,0,0,South,212
7,2008-11-10,37.21791537914838,Low Risk,Normal,0.10756975433669913,1,0,0,East,671
2,2009-01-22,37.198702750462004,Low Risk,Normal,0.10128275515768226,1,0,0,South,487
9,2008-10-30,37.111962329432565,Low Risk,Normal,0.10365282536625658,1,0,0,North,534
8,2008-12-05,37.00437451691359,Low Risk,Normal,0.10497035099074103,1,0,0,East,546
4,2009-04-19,36.949340299255034,Low Risk,Normal,0.12105665409321803,1,0,0,North,992
2,2008-12-27,36.89813073049615,Low Risk,Normal,0.09390787221331026,1,0,0,West,205
2,2008-11-10,36.84586226044378,Low Risk,Normal,0.14059527764961344,1,0,0,West,1525
4,2009-07-24,36.83869715947112,Low Risk,Normal,0.13301649838264146,1,0,0,North,1307
4,2009-07-22,36.83692620305426,Low Risk,Normal,0.09350717323978008,1,0,0,North,179
5,2008-11-12,36.81462888898204,Low Risk,Normal,0.0884722619413611,1,0,0,North,30
3,2008-12-18,36.7502020308555,Low Risk,Normal,0.1369429190396108,1,0,0,North,1398
1,2008-11-12,36.71826942085933,Low Risk,Normal,0.10577910810484176,1,0,0,North,501
8,2008-10-28,36.68018527230216,Low Risk,Normal,0.11324462392010953,1,0,0,East,705
9,2008-12-03,36.66400933241647,Low Risk,Normal,0.11761922695283827,1,0,0,North,826
8,2008-10-24,36.65464867316087,Low Risk,Normal,0.11054930126551654,1,0,0,East,622
4,2008-12-31,36.65030340209377,Low Risk,Normal,0.1482525512487567,1,0,0,North,1697
3,2008-12-19,36.64910629344399,Low Risk,Normal,0.13932756519644185,1,0,0,North,1442
0,2008-12-02,36.620920693314304,Low Risk,Normal,0.09068304626600576,1,0,0,South,47
9,2008-12-06,36.48708213137849,Low Risk,Normal,0.12946599853627094,1,0,0,North,1122
8,2008-12-01,36.463540292440435,Low Risk,Normal,0.10348808937188203,1,0,0,South,375
3,2008-12-04,36.459767691439794,Low Risk,Normal,0.13431890325122742,1,0,0,North,1254
4,2009-04-04,36.35572075169931,Low Risk,Normal,0.13981159598121812,1,0,0,North,1386
4,2009-04-07,36.334988713170084,Low Risk,Normal,0.14474977363424363,1,0,0,North,1522
3,2009-01-23,36.292891489326664,Low Risk,Normal,0.12193993900236633,1,0,0,West,861
2,2009-03-18,36.28655666922747,Low Risk,Normal,0.10082914898830947,1,0,0,West,257
1,2008-12-14,36.28395340671074,Low Risk,Normal,0.11735426515685005,1,0,0,North,728
4,2009-03-15,36.2615754135071,Low Risk,Normal,0.14161270407570742,1,0,0,North,1415
8,2008-11-11,36.26008672157864,Low Risk,Normal,0.12298432185504155,1,0,0,West,883
7,2008-12-03,36.247331544198225,Low Risk,Normal,0.1443243605610819,1,0,0,North,1489
4,2009-07-03,36.24389662006339,Low Risk,Normal,0.14628015045673876,1,0,0,North,1544
1,2008-12-04,36.229980316699645,Low Risk,Normal,0.10596107573220626,1,0,0,South,390
2,2009-01-20,36.22194230575674,Low Risk,Normal,0.11026782551607384,1,0,0,West,511
2,2008-11-17,36.214868405268774,Low Risk,Normal,0.13201600243903772,1,0,0,North,1130
3,2009-01-02,36.12356636470229,Low Risk,Normal,0.14080122098751247,1,0,0,North,1359
2,2009-02-13,36.09072557309085,Low Risk,Normal,0.10628122993868466,1,0,0,West,366
1,2008-12-10,36.07828180553766,Low Risk,Normal,0.12485058419258754,1,0,0,North,893
3,2009-01-01,36.06954200957628,Low Risk,Normal,0.13883397366374373,1,0,0,North,1290
2,2008-11-04,36.05993830546704,Low Risk,Normal,0.14459038064857926,1,0,0,North,1452
9,2008-11-06,36.05787040109246,Low Risk,Normal,0.10021309820404328,1,0,0,East,185
8,2008-11-04,36.03176247789945,Low Risk,Normal,0.09787293007249986,1,0,0,North,112
4,2009-07-26,36.02726717991978,Low Risk,Normal,0.14819150262580477,1,0,0,North,1547
6,2008-11-05,36.02433987963484,Low Risk,Normal,0.0986706398115817,1,0,0,West,133
5,2008-10-30,36.005855655750594,Low Risk,Normal,0.1366669744285806,1,0,0,North,1213
7,2008-10-31,35.96891837435227,Low Risk,Normal,0.1441930059544877,1,0,0,North,1419
4,2009-05-21,35.96866008737071,Low Risk,Normal,0.13336808135063177,1,0,0,East,1110
9,2008-11-10,35.95269528050382,Low Risk,Normal,0.1262831422188183,1,0,0,North,904
3,2009-01-12,35.93315866922101,Low Risk,Normal,0.14683878574116987,1,0,0,North,1486
7,2008-12-14,35.91040801230951,Low Risk,Normal,0.14030097358896382,1,0,0,North,1294
9,2008-10-25,35.90055606246345,Low Risk,Normal,0.11154594879571683,1,0,0,South,471
4,2008-11-10,35.89181093178781,Low Risk,Normal,0.14073634691564435,1,0,0,North,1302
9,2008-10-24,35.886317637558506,Low Risk,Normal,0.1047619670528937,1,0,0,North,274
6,2008-11-15,35.874886718795,Low Risk,Normal,0.09711363849007659,1,0,0,East,53
5,2008-11-15,35.77683449282422,Low Risk,Normal,0.1374552794818827,1,0,0,North,1181
6,2008-11-08,35.74263147056836,Low Risk,Normal,0.13556803745528911,1,0,0,South,1119
3,2009-01-09,35.709985767030005,Low Risk,Normal,0.13394812336239698,1,0,0,South,1065
1,2008-10-23,35.698100018703876,Low Risk,Normal,0.1113418965707823,1,0,0,North,417
2,2008-12-07,35.68632063747476,Low Risk,Normal,0.14588353534030124,1,0,0,West,1400
9,2008-11-08,35.6244628474805,Low Risk,Normal,0.13238366431379422,1,0,0,North,1000
0,2008-10-27,35.579812096058845,Low Risk,Normal,0.09866292530393361,1,0,0,West,27
1,2008-11-09,35.53011637341895,Low Risk,Normal,0.12321921493230792,1,0,0,North,716
0,2009-06-04,35.51856182721163,Low Risk,Normal,0.11280382921521043,1,0,0,North,416
3,2009-06-04,35.51856182721163,Low Risk,Normal,0.11280382921521043,1,0,0,North,416
3,2009-01-18,35.48786330717452,Low Risk,Normal,0.11025666341175117,1,0,0,West,336
0,2009-04-14,35.44114876274973,Low Risk,Normal,0.12080750017985975,1,0,0,East,626
3,2009-04-14,35.44114876274973,Low Risk,Normal,0.12080750017985975,1,0,0,East,626
0,2009-04-29,35.42899426967687,Low Risk,Normal,0.13594061187299517,1,0,0,East,1055
3,2009-04-29,35.42899426967687,Low Risk,Normal,0.13594061187299517,1,0,0,East,1055
2,2008-11-08,35.42102402179615,Low Risk,Normal,0.14658887157331224,1,0,0,North,1357
0,2009-06-27,35.39282990799867,Low Risk,Normal,0.14104250180225503,1,0,0,North,1192
3,2009-06-27,35.39282990799867,Low Risk,Normal,0.14104250180225503,1,0,0,North,1192
5,2009-03-11,35.33458227528221,Low Risk,Normal,0.10063754918606405,1,0,0,North-West,25
4,2009-03-20,35.33407904951678,Low Risk,Normal,0.13596114568216472,1,0,0,North,1033
8,2008-12-10,35.3312559008183,Low Risk,Normal,0.11583720924875984,1,0,0,South,458
0,2009-04-26,35.17330963390578,Low Risk,Normal,0.13285166104334212,1,0,0,West,906
3,2009-04-26,35.17330963390578,Low Risk,Normal,0.13285166104334212,1,0,0,West,906
4,2009-04-03,35.142927441667126,Low Risk,Normal,0.13152822580800033,1,0,0,North,861
5,2008-11-24,35.1165226155451,Low Risk,Normal,0.14450261465608183,1,0,0,North,1225
3,2009-02-02,35.11479642725571,Low Risk,Normal,0.11522432992114445,1,0,0,East,389
3,2009-01-21,35.08652428543372,Low Risk,Normal,0.12793397555978853,1,0,0,East,745
6,2008-10-25,35.04023205023732,Low Risk,Normal,0.15070993284826628,1,0,0,North,1384
3,2008-11-06,35.00567475005348,Low Risk,Normal,0.15173388905558904,1,0,0,North,1405
1,2008-11-19,35.00441109376449,Low Risk,Normal,0.13002019077073224,1,0,0,North,785
3,2008-12-17,34.900197345624406,Low Risk,Normal,0.14238193557007045,1,0,0,North,1113
4,2009-07-11,34.851965242549305,Low Risk,Normal,0.15263007380101312,1,0,0,North,1394
4,2009-01-27,34.84049518345346,Low Risk,Normal,0.10728001295681355,1,0,0,North,97
3,2008-10-31,34.79965040758496,Low Risk,Normal,0.14518247494721553,1,0,0,North,1169
4,2008-12-06,34.71065107256177,Low Risk,Normal,0.1520213439269763,1,0,0,North,1343
2,2008-11-03,34.68690557244697,Low Risk,Normal,0.15218429247691134,1,0,0,North,1342
9,2008-11-02,34.676944364984145,Low Risk,Normal,0.12984233175696652,1,0,0,South,702
3,2009-01-30,34.67353024898238,Low Risk,Normal,0.13957662568041584,1,0,0,South,979
2,2009-02-16,34.67193961857002,Low Risk,Normal,0.13668164390041015,1,0,0,West,896
3,2009-02-19,34.67118468104091,Low Risk,Normal,0.12365339777925238,1,0,0,North-West,524
4,2009-04-14,34.65945533666373,Low Risk,Normal,0.12837635550461285,1,0,0,East,656
6,2008-11-19,34.6546417047201,Low Risk,Normal,0.14236204809538194,1,0,0,North,1054
5,2009-01-15,34.650699747600754,Low Risk,Normal,0.13076193854705354,1,0,0,North,722
2,2008-11-12,34.64577049559723,Low Risk,Normal,0.15522528246225348,1,0,0,North,1419
4,2009-03-21,34.62671191071313,Low Risk,Normal,0.15135469594946283,1,0,0,North,1304
3,2009-01-26,34.58263152449851,Low Risk,Normal,0.14096523386262333,1,0,0,North,997
2,2009-03-08,34.577270827456765,Low Risk,Normal,0.11613217838434547,1,0,0,West,287
0,2009-04-15,34.554593667893656,Low Risk,Normal,0.12063106612140495,1,0,0,West,410
3,2009-04-15,34.554593667893656,Low Risk,Normal,0.12063106612140495,1,0,0,West,410
4,2009-06-07,34.528607900754295,Low Risk,Normal,0.15227779477209963,1,0,0,North,1307
2,2008-11-06,34.5210356137655,Low Risk,Normal,0.13983197735751102,1,0,0,North,950
2,2009-01-23,34.51763924044247,Low Risk,Normal,0.12962888230313063,1,0,0,North,658
2,2008-12-28,34.455824816215596,Low Risk,Normal,0.10803462038166722,1,0,0,West,27
4,2009-02-18,34.43538375832205,Low Risk,Normal,0.15007676600138814,1,0,0,North,1222
9,2008-11-07,34.43508192764818,Low Risk,Normal,0.13238454322317939,1,0,0,North,717
0,2009-05-01,34.408449005734724,Low Risk,Normal,0.14599153749449545,1,0,0,North,1099
3,2009-05-01,34.408449005734724,Low Risk,Normal,0.14599153749449545,1,0,0,North,1099
2,2008-12-23,34.407897083909255,Low Risk,Normal,0.10941533154888933,1,0,0,North,55
0,2008-10-29,34.39331949399769,Low Risk,Normal,0.11072820704590391,1,0,0,South,89
0,2009-05-03,34.334394104535576,Low Risk,Normal,0.1354665699897345,1,0,0,West,781
3,2009-05-03,34.334394104535576,Low Risk,Normal,0.1354665699897345,1,0,0,West,781
5,2009-02-25,34.294942510792545,Low Risk,Normal,0.10927092391223436,1,0,0,North,24
5,2009-02-24,34.28776059184783,Low Risk,Normal,0.11223905034352144,1,0,0,North,107
2,2008-11-23,34.25626702926719,Low Risk,Normal,0.14596396955021096,1,0,0,North,1062
0,2008-11-21,34.24425371527031,Low Risk,Normal,0.11011403114508833,1,0,0,North,36
4,2009-06-04,34.16808258452184,Low Risk,Normal,0.1297753632748604,1,0,0,North,579
4,2009-02-21,34.13090969608512,Low Risk,Normal,0.13747855470874387,1,0,0,North,790
1,2008-12-12,34.066757432860435,Low Risk,Normal,0.13902958350244393,1,0,0,North,819
0,2009-04-06,34.05688191879995,Low Risk,Normal,0.13574817212184348,1,0,0,North,723
3,2009-04-06,34.05688191879995,Low Risk,Normal,0.13574817212184348,1,0,0,North,723
2,2008-12-25,34.05198126369631,Low Risk,Normal,0.11122663265077243,1,0,0,East,22
4,2009-02-16,34.03315848108299,Low Risk,Normal,0.15360567613027865,1,0,0,South,1227
2,2009-02-05,34.0121060915241,Low Risk,Normal,0.1262054466646772,1,0,0,West,440
4,2009-04-12,34.009891580003526,Low Risk,Normal,0.13382739312753805,1,0,0,North,657
3,2008-11-14,34.00742439519795,Low Risk,Normal,0.15662337143583155,1,0,0,North,1307
4,2009-02-11,34.00583836963882,Low Risk,Normal,0.14097412324876557,1,0,0,West,860
4,2009-01-18,33.93784242139597,Low Risk,Normal,0.12514277360000375,1,0,0,West,392
3,2008-12-25,33.911105954398046,Low Risk,Normal,0.1390659830115329,1,0,0,North,783
4,2009-03-25,33.85677512307807,Low Risk,Normal,0.14372367867778518,1,0,0,North,903
4,2008-11-14,33.853008816373546,Low Risk,Normal,0.15269004919777052,1,0,0,North,1158
2,2008-12-03,33.835559025412465,Low Risk,Normal,0.1594929705433787,1,0,0,North,1348
8,2008-11-13,33.80953275704631,Low Risk,Normal,0.1261425287499654,1,0,0,South,390
0,2008-12-10,33.80454791015555,Low Risk,Normal,0.11490150559314577,1,0,0,North-East,68
4,2009-03-07,33.79432375296584,Low Risk,Normal,0.15153252233476378,1,0,0,North,1111
4,2009-03-06,33.78397010947186,Low Risk,Normal,0.1541767034130503,1,0,0,South,1184
2,2009-02-01,33.710907731397995,Low Risk,Normal,0.12829633982813293,1,0,0,West,428
3,2009-03-04,33.7095441021489,Low Risk,Normal,0.1450563936723761,1,0,0,North,906
4,2009-02-14,33.69386070922255,Low Risk,Normal,0.16120002344690665,1,0,0,North,1363
3,2009-06-21,33.68000019469501,Low Risk,Normal,0.15406249984517345,1,0,0,North-West,1156
0,2009-06-21,33.68000019469501,Low Risk,Normal,0.15406249984517345,1,0,0,North-West,1156
4,2009-02-08,33.64492042851237,Low Risk,Normal,0.15092116085691937,1,0,0,West,1058
3,2009-03-23,33.62198500812291,Low Risk,Normal,0.12125909120018247,1,0,0,South,206
0,2009-04-10,33.6031061432968,Low Risk,Normal,0.1286695925178018,1,0,0,North,413
3,2009-04-10,33.6031061432968,Low Risk,Normal,0.1286695925178018,1,0,0,North,413
2,2009-02-04,33.59452284191331,Low Risk,Normal,0.13277065435190522,1,0,0,West,528
3,2009-03-24,33.59224505661171,Low Risk,Normal,0.15973470493135822,1,0,0,North,1297
3,2009-03-25,33.59125693145659,Low Risk,Normal,0.15326071255147905,1,0,0,North,1112
2,2009-01-21,33.554506827790355,Low Risk,Normal,0.13990188699225858,1,0,0,West,722
3,2009-03-03,33.493772611160786,Low Risk,Normal,0.14166969006619895,1,0,0,South,758
0,2009-04-12,33.47643616142747,Low Risk,Normal,0.13074188788328617,1,0,0,North,442
3,2009-04-12,33.47643616142747,Low Risk,Normal,0.13074188788328617,1,0,0,North,442
5,2008-11-06,33.46845854196152,Low Risk,Normal,0.11861480188242485,1,0,0,North,94
8,2008-11-10,33.46163447315253,Low Risk,Normal,0.12448818889407204,1,0,0,South,260
4,2009-05-08,33.43842592915114,Low Risk,Normal,0.15495547142995725,1,0,0,South,1124
4,2009-03-13,33.43085656515336,Low Risk,Normal,0.15109420619046338,1,0,0,North,1012
4,2009-06-14,33.41941346692917,Low Risk,Normal,0.1547285654973155,1,0,0,North,1113
4,2009-04-11,33.39106353289068,Low Risk,Normal,0.13376629624393455,1,0,0,North,508
4,2009-06-27,33.384282330724545,Low Risk,Normal,0.1560376189963466,1,0,0,South,1142
5,2009-02-27,33.352232201707245,Low Risk,Normal,0.12021458922680156,1,0,0,West,112
0,2008-11-03,33.35125837199684,Low Risk,Normal,0.12039790436260439,1,0,0,West,117
3,2008-12-31,33.31681539589493,Low Risk,Normal,0.11893313210286083,1,0,0,North,67
3,2008-12-13,33.305463035936945,Low Risk,Normal,0.15322593679551894,1,0,0,North,1043
3,2008-11-17,33.24961658258019,Low Risk,Normal,0.13652242592192487,1,0,0,North,553
3,2008-11-10,33.216815261223374,Low Risk,Normal,0.15859023280637236,1,0,0,North,1175
1,2008-12-05,33.20435197117413,Low Risk,Normal,0.1311183882762233,1,0,0,North,388
4,2008-11-17,33.198055867846755,Low Risk,Normal,0.12777209303403042,1,0,0,North,291
0,2009-05-02,33.19653090893019,Low Risk,Normal,0.15658693828246212,1,0,0,North,1113
3,2009-05-02,33.19653090893019,Low Risk,Normal,0.15658693828246212,1,0,0,North,1113
0,2009-07-05,33.19353929206624,Low Risk,Normal,0.15037492443446215,1,0,0,North,935
3,2009-07-05,33.19353929206624,Low Risk,Normal,0.15037492443446215,1,0,0,North,935
7,2008-11-21,33.193247358055444,Low Risk,Normal,0.15191907842106245,1,0,0,South,979
5,2009-01-19,33.17419065741356,Low Risk,Normal,0.1387631178920256,1,0,0,North,599
4,2009-07-29,33.16332537655989,Low Risk,Normal,0.1187062359633157,1,0,0,South,24
3,2009-03-16,33.14685231983413,Low Risk,Normal,0.155144081797301,1,0,0,South,1060
0,2009-06-16,33.05016661027984,Low Risk,Normal,0.14880226376628758,1,0,0,North,856
3,2009-06-16,33.05016661027984,Low Risk,Normal,0.14880226376628758,1,0,0,North,856
6,2008-11-12,33.03716738522192,Low Risk,Normal,0.1563739757551173,1,0,0,North,1069
8,2008-11-09,33.03270999667688,Low Risk,Normal,0.14067859053352688,1,0,0,North,620
5,2008-11-03,33.00317342509713,Low Risk,Normal,0.14849330655037407,1,0,0,North,836
9,2008-10-26,32.95631777254964,Low Risk,Normal,0.14622101367595208,1,0,0,North,760
4,2009-07-16,32.95095668465756,Low Risk,Normal,0.14223621878425935,1,0,0,North,645
3,2008-11-02,32.885727827252886,Low Risk,Normal,0.15641029577451038,1,0,0,North,1034
1,2008-10-30,32.883295706426736,Low Risk,Normal,0.14388658107349894,1,0,0,North,676
4,2009-04-10,32.87419709554659,Low Risk,Normal,0.14189513820480099,1,0,0,North,617
3,2009-03-10,32.86589832204858,Low Risk,Normal,0.16214684721644373,1,0,0,North,1193
3,2009-01-22,32.80852642469702,Low Risk,Normal,0.15130758303135816,1,0,0,North,870
3,2009-01-19,32.79171253527801,Low Risk,Normal,0.16125872020774545,1,0,0,South,1150
4,2009-01-09,32.79042254950604,Low Risk,Normal,0.14872548249730383,1,0,0,North,792
4,2009-02-17,32.77406867947043,Low Risk,Normal,0.15765665052701877,1,0,0,West,1043
0,2008-12-11,32.77148688739062,Low Risk,Normal,0.1223237375174831,1,0,0,South,34
2,2009-02-15,32.770246159188225,Low Risk,Normal,0.14153550278112254,1,0,0,South,582
1,2008-11-13,32.73888590016246,Low Risk,Normal,0.13559506296134533,1,0,0,South,405
1,2008-12-01,32.73696864087633,Low Risk,Normal,0.12842803585129303,1,0,0,North,200
7,2008-11-02,32.72718202980554,Low Risk,Normal,0.16270778548416337,1,0,0,North,1176
6,2008-11-16,32.716548816297895,Low Risk,Normal,0.15060284156449388,1,0,0,South,828
3,2008-12-24,32.710817568224115,Low Risk,Normal,0.15496043596297177,1,0,0,North,951
4,2009-04-09,32.63969556370681,Low Risk,Normal,0.14339488070453,1,0,0,North,604
4,2008-11-06,32.60638737724843,Low Risk,Normal,0.16683343821008473,1,0,0,North,1265
5,2008-11-10,32.59751234721931,Low Risk,Normal,0.14514816372079903,1,0,0,North,644
0,2009-04-11,32.55673890361152,Low Risk,Normal,0.14215941531717186,1,0,0,North,549
3,2009-04-11,32.55673890361152,Low Risk,Normal,0.14215941531717186,1,0,0,North,549
0,2008-11-19,32.55303026236021,Low Risk,Normal,0.12901564053453585,1,0,0,South,173
3,2008-11-30,32.52208986837657,Low Risk,Normal,0.1505073057829618,1,0,0,North,779
4,2009-01-23,32.520128145521205,Low Risk,Normal,0.15318663311851627,1,0,0,North-West,855
4,2009-04-15,32.44733069435046,Low Risk,Normal,0.14583973812250595,1,0,0,West,628
2,2009-02-02,32.443689992105,Low Risk,Normal,0.14131501250579148,1,0,0,West,498
3,2008-12-28,32.41250974537775,Low Risk,Normal,0.15180640400777495,1,0,0,North,790
4,2008-12-16,32.41021266573502,Low Risk,Normal,0.16436955031584333,1,0,0,North,1148
2,2008-10-29,32.38626561462895,Low Risk,Normal,0.14960752791318016,1,0,0,North,721
2,2009-03-11,32.36807834439801,Low Risk,Normal,0.1304175950324642,1,0,0,West,169
4,2009-01-13,32.32559375793734,Low Risk,Normal,0.15743657325072097,1,0,0,North,930
5,2009-02-08,32.30370700789317,Low Risk,Normal,0.1377168608606672,1,0,0,North,362
4,2008-12-08,32.26599511193158,Low Risk,Normal,0.1578634227068661,1,0,0,North,928
1,2008-11-21,32.265957020419876,Low Risk,Normal,0.13172458070261384,1,0,0,South,182
6,2008-12-11,32.22298988374094,Low Risk,Normal,0.12801830224858413,1,0,0,East,66
1,2008-11-11,32.21688000247624,Low Risk,Normal,0.13546249339248723,1,0,0,South,277
4,2008-12-07,32.19073567584483,Low Risk,Normal,0.1592968274846882,1,0,0,North,951
3,2009-02-11,32.19059352835982,Low Risk,Normal,0.15656496383663032,1,0,0,North,873
4,2009-06-12,32.18826900174136,Low Risk,Normal,0.1643279839463092,1,0,0,North,1094
3,2009-02-20,32.178599050558596,Low Risk,Normal,0.16493419736468634,1,0,0,South,1109
4,2008-11-05,32.169549421845716,Low Risk,Normal,0.15849238191840037,1,0,0,North,923
4,2009-06-05,32.16908380435256,Low Risk,Normal,0.14619754432217963,1,0,0,North,572
2,2008-11-19,32.13427701302204,Low Risk,Normal,0.16842222896924636,1,0,0,North,1198
0,2008-10-28,32.13278618925985,Low Risk,Normal,0.15410367234092548,1,0,0,South,789
5,2009-02-23,32.10471611580668,Low Risk,Normal,0.12781312826983543,1,0,0,North,32
3,2009-03-11,32.10170227157389,Low Risk,Normal,0.15071878183435194,1,0,0,South,685
5,2009-03-04,32.09236394503748,Low Risk,Normal,0.12770588492371004,1,0,0,North,26
4,2009-02-24,32.08687461177541,Low Risk,Normal,0.16510332219317853,1,0,0,North,1092
7,2008-11-05,32.06997100440454,Low Risk,Normal,0.16317695661539444,1,0,0,North,1033
5,2008-11-13,32.06696122906049,Low Risk,Normal,0.16442841990345247,1,0,0,North,1068
3,2009-02-28,32.02377854102023,Low Risk,Normal,0.16321171393956047,1,0,0,South,1023
3,2009-05-30,31.984268529455235,Low Risk,Normal,0.1590561412619665,1,0,0,North,895
0,2009-05-30,31.984268529455235,Low Risk,Normal,0.1590561412619665,1,0,0,North,895
0,2008-11-13,31.96923446870529,Low Risk,Normal,0.13745725925129654,1,0,0,North,275
2,2009-03-03,31.82807519685125,Low Risk,Normal,0.1417527101643038,1,0,0,North,364
7,2008-10-30,31.814571138454326,Low Risk,Normal,0.1424960092543025,1,0,0,North,382
4,2009-07-10,31.786036072504565,Low Risk,Normal,0.1660699643915695,1,0,0,South,1048
1,2008-11-18,31.781711680450904,Low Risk,Normal,0.14543295885800278,1,0,0,North,458
3,2009-06-01,31.749243227945048,Low Risk,Normal,0.13214355057755395,1,0,0,North,71
0,2009-06-01,31.749243227945048,Low Risk,Normal,0.13214355057755395,1,0,0,North,71
0,2008-11-17,31.74282348587119,Low Risk,Normal,0.13689231553849973,1,0,0,North,205
5,2009-03-12,31.712415060177058,Low Risk,Normal,0.13406241825345555,1,0,0,North,117
7,2008-12-07,31.70746710834161,Low Risk,Normal,0.16879237085411064,1,0,0,North,1107
0,2009-06-11,31.69972943572612,Low Risk,Normal,0.1592561767080612,1,0,0,North,833
3,2009-06-11,31.69972943572612,Low Risk,Normal,0.1592561767080612,1,0,0,North,833
5,2008-12-05,31.69749618878755,Low Risk,Normal,0.1427013087024308,1,0,0,North,360
2,2008-12-01,31.68835946533954,Low Risk,Normal,0.1686713757932627,1,0,0,North,1099
0,2008-11-20,31.67433733978012,Low Risk,Normal,0.13154174040682237,1,0,0,North,36
5,2008-10-27,31.62621771174759,Low Risk,Normal,0.16438915255695413,1,0,0,East,962
2,2009-01-09,31.623675096116074,Low Risk,Normal,0.1673185969348015,1,0,0,South,1045
4,2009-07-20,31.59851008768158,Low Risk,Normal,0.15904896101017396,1,0,0,North,803
9,2008-10-29,31.542971808002743,Low Risk,Normal,0.14423499136391915,1,0,0,West,367
3,2008-12-23,31.534582791409694,Low Risk,Normal,0.16045795769982762,1,0,0,North,828
1,2008-11-06,31.527162081996263,Low Risk,Normal,0.1450675930589242,1,0,0,North,387
2,2009-03-04,31.497552044271732,Low Risk,Normal,0.14454361869815507,1,0,0,West,365
1,2008-12-02,31.49625125483803,Low Risk,Normal,0.13611004435723062,1,0,0,South,124
4,2008-10-29,31.490348903169146,Low Risk,Normal,0.16384013706041473,1,0,0,North,914
2,2009-01-01,31.476000124220533,Low Risk,Normal,0.1451437855371725,1,0,0,East,377
2,2009-02-03,31.452005317740692,Low Risk,Normal,0.14891783883740045,1,0,0,West,479
2,2009-02-17,31.402149173027155,Low Risk,Normal,0.14884298722334877,1,0,0,West,465
0,2009-06-26,31.399429891746223,Low Risk,Normal,0.1451865560881575,1,0,0,West,360
3,2009-06-26,31.399429891746223,Low Risk,Normal,0.1451865560881575,1,0,0,West,360
4,2008-12-09,31.387416993825855,Low Risk,Normal,0.1438150767524352,1,0,0,North,318
7,2008-11-03,31.35983403649787,Low Risk,Normal,0.16829210958851182,1,0,0,North,1010
4,2009-07-05,31.352606003809157,Low Risk,Normal,0.1629213175805626,1,0,0,North,855
4,2009-07-25,31.331333858125937,Low Risk,Normal,0.1668478650433397,1,0,0,North,962
2,2009-03-01,31.331060715041005,Low Risk,Normal,0.14975106756592144,1,0,0,West,474
6,2008-12-06,31.32005334048881,Low Risk,Normal,0.15671050720661794,1,0,0,North,670
3,2008-12-30,31.306749507990023,Low Risk,Normal,0.16239264823317567,1,0,0,South,829
1,2008-11-10,31.29842675272113,Low Risk,Normal,0.13789964189575243,1,0,0,East,128
7,2008-11-06,31.28842104535273,Low Risk,Normal,0.1662596124691127,1,0,0,North,935
0,2008-12-14,31.287001335822783,Low Risk,Normal,0.1362779905855931,1,0,0,South,79
4,2009-04-02,31.26972718028499,Low Risk,Normal,0.14928136606676073,1,0,0,North,446
4,2008-12-05,31.265880978118393,Low Risk,Normal,0.15593582294280983,1,0,0,South,635
4,2009-06-11,31.25290442666431,Low Risk,Normal,0.15737550549086315,1,0,0,North,673
2,2009-02-12,31.24828039351252,Low Risk,Normal,0.14360865957258273,1,0,0,West,279
2,2008-12-02,31.2371484122107,Low Risk,Normal,0.16339344436020714,1,0,0,West,841
4,2008-11-02,31.21644802295735,Low Risk,Normal,0.16671956007918814,1,0,0,North,931
2,2009-01-10,31.21581810404106,Low Risk,Normal,0.13848330739671771,1,0,0,North,125
4,2009-03-12,31.165752196955548,Low Risk,Normal,0.1523557617630375,1,0,0,North,509
0,2008-11-22,31.1441512486401,Low Risk,Normal,0.14030722664647544,1,0,0,South,160
3,2009-06-20,31.13301491612049,Low Risk,Normal,0.14618152979966698,1,0,0,South,325
0,2009-06-20,31.13301491612049,Low Risk,Normal,0.14618152979966698,1,0,0,South,325
2,2009-02-20,31.122091319032744,Low Risk,Normal,0.1433994044632132,1,0,0,West,243
9,2008-12-04,31.116006934224526,Low Risk,Normal,0.16002362406196008,1,0,0,North,716
3,2009-06-23,31.067220626550867,Low Risk,Normal,0.16635200534626043,1,0,0,North,885
0,2009-06-23,31.067220626550867,Low Risk,Normal,0.16635200534626043,1,0,0,North,885
4,2009-03-22,31.064389303968092,Low Risk,Normal,0.17306807843233113,1,0,0,North,1076
5,2008-10-31,31.05479782953362,Low Risk,Normal,0.16782210983238327,1,0,0,North,924
3,2009-05-05,31.0310231754536,Low Risk,Normal,0.14846852947942923,1,0,0,North,366
0,2009-05-05,31.0310231754536,Low Risk,Normal,0.14846852947942923,1,0,0,North,366
3,2008-11-15,30.963749855151615,Low Risk,Normal,0.15523136635517143,1,0,0,North,543
7,2008-11-20,30.940650461173213,Low Risk,Normal,0.15885779744249617,1,0,0,East,641
4,2008-11-08,30.92790945828611,Low Risk,Normal,0.171718258680141,1,0,0,North,1005
5,2008-11-11,30.926667040736294,Low Risk,Normal,0.17039713249319072,1,0,0,North,967
4,2009-07-17,30.911798484100267,Low Risk,Normal,0.15804718974321763,1,0,0,South,611
3,2009-03-12,30.907443401090994,Low Risk,Normal,0.1583638146993624,1,0,0,North,619
0,2008-11-10,30.902043496103154,Low Risk,Normal,0.14032866919454495,1,0,0,North,103
2,2009-03-19,30.88908386520719,Low Risk,Normal,0.14288946147491716,1,0,0,North,173
4,2009-03-24,30.880203332368747,Low Risk,Normal,0.1553323045266607,1,0,0,South,526
2,2009-02-11,30.86405266721302,Low Risk,Normal,0.15262880105614507,1,0,0,West,445
2,2009-02-22,30.863666574815134,Low Risk,Normal,0.15438397465376424,1,0,0,West,495
1,2008-11-14,30.850752686809646,Low Risk,Normal,0.15210899139791573,1,0,0,North,427
3,2009-01-27,30.841211866253918,Low Risk,Normal,0.16469749621530316,1,0,0,North,784
4,2009-05-28,30.82718375885752,Low Risk,Normal,0.17143684881289228,1,0,0,North,973
4,2009-04-30,30.821315178606454,Low Risk,Normal,0.1624807348541389,1,0,0,North,716
0,2008-10-24,30.816331453818698,Low Risk,Normal,0.14279528214641235,1,0,0,North,153
0,2009-06-17,30.815390105084273,Low Risk,Normal,0.15135266847807233,1,0,0,North,397
3,2009-06-17,30.815390105084273,Low Risk,Normal,0.15135266847807233,1,0,0,North,397
7,2008-12-13,30.801258944488765,Low Risk,Normal,0.1676235122443117,1,0,0,North,858
4,2008-12-21,30.79031693429049,Low Risk,Normal,0.14255668050106862,1,0,0,North,140
4,2009-04-16,30.757888110676074,Low Risk,Normal,0.1638505216012741,1,0,0,South,740
4,2009-07-18,30.751797681997793,Low Risk,Normal,0.1670197818220504,1,0,0,South,829
4,2009-06-17,30.74851036320257,Low Risk,Normal,0.1682385201520838,1,0,0,North,863
5,2009-03-07,30.743419652427725,Low Risk,Normal,0.14154614189381792,1,0,0,North,100
2,2009-02-26,30.742302941476943,Low Risk,Normal,0.1538541727885353,1,0,0,West,451
3,2009-02-13,30.737748675274755,Low Risk,Normal,0.16261687870941932,1,0,0,North,700
3,2009-01-05,30.72588937054986,Low Risk,Normal,0.14502102100990621,1,0,0,North,195
6,2008-11-13,30.709227720975637,Low Risk,Normal,0.1711939865443597,1,0,0,North,938
2,2009-02-10,30.708572373972068,Low Risk,Normal,0.14845908268625363,1,0,0,West,289
3,2009-01-14,30.707149590646388,Low Risk,Normal,0.14752489033875565,1,0,0,North,262
4,2009-07-04,30.680386178809513,Low Risk,Normal,0.1730112234357875,1,0,0,North,983
3,2009-05-27,30.664913449904205,Low Risk,Normal,0.1689005038818529,1,0,0,North,862
0,2009-05-27,30.664913449904205,Low Risk,Normal,0.1689005038818529,1,0,0,North,862
6,2008-12-02,30.65568516987189,Low Risk,Normal,0.14049066987067044,1,0,0,West,49
3,2009-03-06,30.624361836357753,Low Risk,Normal,0.16818744659752682,1,0,0,North,832
2,2008-12-24,30.623587413335677,Low Risk,Normal,0.14335119030677412,1,0,0,North,123
9,2008-10-28,30.599949964469094,Low Risk,Normal,0.15420015975950868,1,0,0,East,427
3,2009-02-10,30.59950828710312,Low Risk,Normal,0.17280959812100882,1,0,0,North,958
4,2009-02-10,30.569494530544045,Low Risk,Normal,0.1597449964434885,1,0,0,North-West,578
0,2009-07-03,30.569038627940436,Low Risk,Normal,0.17152193126419824,1,0,0,North,914
3,2009-07-03,30.569038627940436,Low Risk,Normal,0.17152193126419824,1,0,0,North,914
5,2008-11-23,30.566376348069394,Low Risk,Normal,0.14354789782253197,1,0,0,North,115
1,2008-12-15,30.54773779334401,Low Risk,Normal,0.14258205343920266,1,0,0,South,83
0,2009-03-30,30.53516532062057,Low Risk,Normal,0.16024146453753135,1,0,0,North,584
3,2009-03-30,30.522833280493657,Low Risk,Normal,0.16034428787177046,1,0,0,North,584
1,2008-12-11,30.516625458250846,Low Risk,Normal,0.15937991453091205,1,0,0,North,555
4,2008-12-25,30.49259206666134,Low Risk,Normal,0.14451349476284653,1,0,0,North,125
4,2009-02-27,30.485895658237975,Low Risk,Normal,0.17175966100168943,1,0,0,North,901
2,2009-03-17,30.44365941637154,Low Risk,Normal,0.15217458157938413,1,0,0,North,332
3,2009-02-24,30.43695912006475,Low Risk,Normal,0.17013542192939524,1,0,0,South,843
3,2009-01-16,30.432052280378475,Low Risk,Normal,0.15076467995278758,1,0,0,North,289
4,2009-04-24,30.378618849301983,Low Risk,Normal,0.17254900718978794,1,0,0,North,898
4,2009-05-31,30.3521840137165,Low Risk,Normal,0.14494838241265234,1,0,0,South,104
4,2009-07-12,30.342098769816634,Low Risk,Normal,0.17201256989977481,1,0,0,North,874
1,2008-12-03,30.338249091023727,Low Risk,Normal,0.14632597758967592,1,0,0,North,140
3,2008-10-28,30.337617873195292,Low Risk,Normal,0.16854602237926813,1,0,0,North,774
7,2008-12-10,30.327238518358328,Low Risk,Normal,0.1641475611591034,1,0,0,West,646
4,2009-07-23,30.324047603795144,Low Risk,Normal,0.16921979535418968,1,0,0,North,790
5,2008-11-17,30.301405022307307,Low Risk,Normal,0.16194526123290037,1,0,0,North,577
4,2009-07-14,30.28717238117873,Low Risk,Normal,0.17057842996164452,1,0,0,North,820
4,2009-04-17,30.235233142518112,Low Risk,Normal,0.15654035088911394,1,0,0,North,407
4,2008-12-28,30.225917718341393,Low Risk,Normal,0.14417914575635982,1,0,0,South,52
4,2009-04-23,30.214006978454666,Low Risk,Normal,0.1734309775016033,1,0,0,North,884
4,2009-01-24,30.196992318975347,Low Risk,Normal,0.1506572805376326,1,0,0,North,230
3,2008-10-29,30.167601398117256,Low Risk,Normal,0.17409821535692727,1,0,0,North,892
4,2008-12-26,30.157479063839187,Low Risk,Normal,0.1473777121032585,1,0,0,South,127
0,2009-04-16,30.1346430365222,Low Risk,Normal,0.17220059547250777,1,0,0,North,830
3,2009-04-16,30.1346430365222,Low Risk,Normal,0.17220059547250777,1,0,0,North,830
2,2009-03-02,30.123203013997127,Low Risk,Normal,0.15337487376126657,1,0,0,West,290
3,2009-01-11,30.103118595344736,Low Risk,Normal,0.1576419089526664,1,0,0,North,407
4,2009-06-25,30.09435580673265,Low Risk,Normal,0.17383295267485782,1,0,0,North,867
5,2008-11-18,30.089720570597233,Low Risk,Normal,0.17254011547463233,1,0,0,North,829
2,2009-03-05,30.037262852945485,Low Risk,Normal,0.15254971447801563,1,0,0,West,246
2,2008-11-05,30.033607563858983,Low Risk,Normal,0.1473243287260283,1,0,0,East,96
4,2009-03-18,30.02846902255365,Low Risk,Normal,0.17210476946629566,1,0,0,North,802
0,2009-06-05,29.998824787895963,Low Risk,Normal,0.16208548740288753,1,0,0,South,509
3,2009-06-05,29.998824787895963,Low Risk,Normal,0.16208548740288753,1,0,0,South,509
4,2009-02-22,29.944477936763825,Low Risk,Normal,0.16516655768319544,1,0,0,South,584
4,2008-12-19,29.93377218003461,Low Risk,Normal,0.1710022316499697,1,0,0,North,748
9,2008-10-31,29.921030977026277,Low Risk,Normal,0.15478025156124386,1,0,0,South,282
3,2009-03-19,29.897344614620625,Low Risk,Normal,0.16475365165159928,1,0,0,North,561
4,2009-06-21,29.868862714506808,Low Risk,Normal,0.17466191919853263,1,0,0,South,837
3,2009-04-18,29.845701065621384,Low Risk,Normal,0.14727927652915446,1,0,0,North,50
0,2009-04-18,29.845701065621384,Low Risk,Normal,0.14727927652915446,1,0,0,North,50
2,2009-02-23,29.84228125838192,Low Risk,Normal,0.15631283614666763,1,0,0,West,307
4,2009-02-20,29.837041133837246,Low Risk,Normal,0.17156349195672477,1,0,0,North,741
0,2008-12-01,29.828512007165433,Low Risk,Normal,0.14836865257769644,1,0,0,North,77
2,2008-11-20,29.817655019078988,Low Risk,Normal,0.17375739857033223,1,0,0,North,799
1,2008-11-20,29.802084153533002,Low Risk,Normal,0.15426533766184958,1,0,0,North,239
2,2009-02-27,29.796277587001583,Low Risk,Normal,0.1560306675502139,1,0,0,West,288
3,2008-11-08,29.78999191464687,Low Risk,Normal,0.17479394982935992,1,0,0,North,822
4,2009-05-09,29.78277865947802,Low Risk,Normal,0.17089467630162858,1,0,0,North,709
3,2009-02-23,29.727409372161297,Low Risk,Normal,0.15530843767892039,1,0,0,South,251
6,2008-12-10,29.724163824956836,Low Risk,Normal,0.15155127723325534,1,0,0,North,143
0,2008-11-11,29.717269549418425,Low Risk,Normal,0.17585580988114546,1,0,0,North,835
2,2008-12-04,29.700531377277862,Low Risk,Normal,0.17010880433464304,1,0,0,West,667
3,2009-06-19,29.68893680524101,Low Risk,Normal,0.17490071651741423,1,0,0,North,801
0,2009-06-19,29.68893680524101,Low Risk,Normal,0.17490071651741423,1,0,0,North,801
0,2008-11-18,29.687141696467883,Low Risk,Normal,0.15157965138544777,1,0,0,South,135
0,2009-06-02,29.68107525400976,Low Risk,Normal,0.1741253272454788,1,0,0,North,777
3,2009-06-02,29.68107525400976,Low Risk,Normal,0.1741253272454788,1,0,0,North,777
3,2008-12-08,29.674761984617152,Low Risk,Normal,0.17042878425278735,1,0,0,East,670
5,2009-03-13,29.667669813856946,Low Risk,Normal,0.14848337084314506,1,0,0,North,42
7,2008-11-15,29.653313648251736,Low Risk,Normal,0.15865928937640428,1,0,0,West,329
4,2009-01-01,29.63071772109725,Low Risk,Normal,0.15502843140224182,1,0,0,North,220
3,2008-10-27,29.622852572673516,Low Risk,Normal,0.17173757700826525,1,0,0,East,695
7,2008-11-09,29.585250065014804,Low Risk,Normal,0.17012395317128126,1,0,0,North,640
4,2009-04-18,29.56187956479779,Low Risk,Normal,0.1746987000902186,1,0,0,North,765
4,2008-12-27,29.540127570666588,Low Risk,Normal,0.14996727454241343,1,0,0,South,54
0,2008-11-12,29.537725427253378,Low Risk,Normal,0.16190059327881412,1,0,0,North,394
3,2009-01-07,29.504494197630297,Low Risk,Normal,0.16207255472989712,1,0,0,South,391
7,2008-12-04,29.479442398805794,Low Risk,Normal,0.17111128431990175,1,0,0,North,643
3,2009-02-17,29.388051200540072,Low Risk,Normal,0.17292446775527726,1,0,0,North,673
4,2008-11-18,29.386789624694593,Low Risk,Normal,0.1664527553802832,1,0,0,South,488
4,2009-07-21,29.380911815575878,Low Risk,Normal,0.15956402455971652,1,0,0,North,290
7,2008-11-17,29.367486717478066,Low Risk,Normal,0.16069209525393235,1,0,0,North,319
0,2008-10-23,29.313522981741762,Low Risk,Normal,0.16278887669337677,1,0,0,North,366
3,2009-02-03,29.30801832395057,Low Risk,Normal,0.16465680656028026,1,0,0,North,418
0,2009-03-31,29.294215726836324,Low Risk,Normal,0.17321631144855776,1,0,0,North,659
3,2009-03-31,29.294215726836324,Low Risk,Normal,0.17321631144855776,1,0,0,North,659
4,2009-07-01,29.269580799255472,Low Risk,Normal,0.17587445120112566,1,0,0,North,729
4,2009-06-06,29.24986042367528,Low Risk,Normal,0.1773703630895827,1,0,0,North,767
3,2008-11-20,29.24448955720276,Low Risk,Normal,0.1754529559195277,1,0,0,East,711
2,2008-12-26,29.23217371421213,Low Risk,Normal,0.15505777775538582,1,0,0,North,126
3,2009-03-26,29.214993543886237,Low Risk,Normal,0.17009263669797936,1,0,0,South,551
7,2008-11-12,29.199787605357976,Low Risk,Normal,0.16997414869800914,1,0,0,North,544
0,2009-05-25,29.148615368653164,Low Risk,Normal,0.17320394479607065,1,0,0,North,624
3,2009-05-25,29.148615368653164,Low Risk,Normal,0.17320394479607065,1,0,0,North,624
4,2009-01-25,29.147133475045777,Low Risk,Normal,0.1738119651738838,1,0,0,South-East,641
4,2009-06-20,29.13746778856107,Low Risk,Normal,0.16092809417452042,1,0,0,North,271
4,2009-01-29,29.13724689437,Low Risk,Normal,0.16177087407919594,1,0,0,West,295
4,2008-11-21,29.12648077044188,Low Risk,Normal,0.1793451458435424,1,0,0,South,794
4,2009-06-18,29.125023631384124,Low Risk,Normal,0.17602858197043975,1,0,0,North,699
3,2008-10-25,29.101141002780864,Low Risk,Normal,0.17500134489403119,1,0,0,North,664
7,2008-11-07,29.09622716235424,Low Risk,Normal,0.1743064951639839,1,0,0,North,643
3,2009-01-04,29.091146024328292,Low Risk,Normal,0.16376705663206664,1,0,0,North,341
6,2008-12-03,29.071971196388592,Low Risk,Normal,0.16480291165481137,1,0,0,East,366
4,2009-07-13,29.064979377568676,Low Risk,Normal,0.17635402959671348,1,0,0,North,694
4,2009-05-01,29.062675433587142,Low Risk,Normal,0.17633820056644217,1,0,0,North,693
4,2008-12-03,29.05895359176888,Low Risk,Normal,0.17013227526208735,1,0,0,North,515
4,2009-02-03,29.032682897585744,Low Risk,Normal,0.16439467276826858,1,0,0,North-West,345
3,2008-11-18,29.03173993430344,Low Risk,Normal,0.16934304650345855,1,0,0,South,486
3,2009-01-31,29.021070319714113,Low Risk,Normal,0.16690919436544127,1,0,0,North,414
4,2009-02-25,29.002562208304354,Low Risk,Normal,0.17543785519190697,1,0,0,North,653
4,2008-11-09,28.997205168687813,Low Risk,Normal,0.1733801763831076,1,0,0,North,593
4,2009-02-09,28.992999602671187,Low Risk,Normal,0.16619718986092719,1,0,0,South-East,387
2,2008-12-12,28.989491190975134,Low Risk,Normal,0.1786302797843966,1,0,0,North,741
4,2008-12-18,28.926469208450563,Low Risk,Normal,0.17396996584270596,1,0,0,South,593
3,2008-12-15,28.915258600161728,Low Risk,Normal,0.17248667983133054,1,0,0,North,548
4,2009-01-28,28.8919615218517,Low Risk,Normal,0.16661916635781954,1,0,0,South-East,375
1,2008-11-03,28.885430255187693,Low Risk,Normal,0.16015635305716225,1,0,0,North,189
4,2009-07-08,28.87844073343873,Low Risk,Normal,0.17230311634139084,1,0,0,North,534
4,2008-11-13,28.851556338971132,Low Risk,Normal,0.1765567708845482,1,0,0,North,649
2,2008-12-22,28.848418350299003,Low Risk,Normal,0.16722749864307718,1,0,0,West,382
4,2009-01-16,28.82789874065659,Low Risk,Normal,0.16750370638821382,1,0,0,North,385
3,2009-03-01,28.806377477848113,Low Risk,Normal,0.16509025604683186,1,0,0,North,311
3,2009-03-05,28.79015511846279,Low Risk,Normal,0.16249246761956843,1,0,0,North,233
2,2009-01-08,28.775765772697355,Low Risk,Normal,0.1616313501028238,1,0,0,West,205
4,2009-02-19,28.772287465179858,Low Risk,Normal,0.17879446589329617,1,0,0,South,694
0,2009-04-27,28.763074620539793,Low Risk,Normal,0.1745614738658941,1,0,0,North,571
3,2009-04-27,28.763074620539793,Low Risk,Normal,0.1745614738658941,1,0,0,North,571
6,2008-12-01,28.76173652052418,Low Risk,Normal,0.15971605752285173,1,0,0,East,147
0,2009-05-21,28.759877081626705,Low Risk,Normal,0.17273106296884633,1,0,0,East,518
3,2009-05-21,28.759877081626705,Low Risk,Normal,0.17273106296884633,1,0,0,East,518
4,2008-11-12,28.758339457477486,Low Risk,Normal,0.177929668543312,1,0,0,South,666
4,2009-01-22,28.751210772589797,Low Risk,Normal,0.1654801524181579,1,0,0,North,309
0,2008-11-14,28.74940704204893,Low Risk,Normal,0.16482944907453229,1,0,0,North,290
7,2008-10-27,28.739186685277453,Low Risk,Normal,0.17647756442332746,1,0,0,North,620
3,2009-07-01,28.737382872349915,Low Risk,Normal,0.15925337316830018,1,0,0,North,128
0,2009-07-01,28.737382872349915,Low Risk,Normal,0.15925337316830018,1,0,0,North,128
4,2009-06-28,28.727941643512736,Low Risk,Normal,0.1746441746354203,1,0,0,North,565
3,2008-11-16,28.722162557727984,Low Risk,Normal,0.17795099526164182,1,0,0,North,658
4,2009-05-11,28.71920417287683,Low Risk,Normal,0.1617175251759161,1,0,0,South,194
4,2009-01-04,28.67653731463928,Low Risk,Normal,0.15884968114055692,1,0,0,North,102
3,2009-04-24,28.633982487530364,Low Risk,Normal,0.17472681505166648,1,0,0,North,545
0,2009-04-24,28.633982487530364,Low Risk,Normal,0.17472681505166648,1,0,0,North,545
4,2009-05-30,28.600167765736437,Low Risk,Normal,0.1759898533292366,1,0,0,North,573
0,2009-05-08,28.594718821080175,Low Risk,Normal,0.1624401199693919,1,0,0,North,185
3,2009-05-08,28.594718821080175,Low Risk,Normal,0.1624401199693919,1,0,0,North,185
4,2009-03-17,28.57209247244446,Low Risk,Normal,0.1760837860037877,1,0,0,North,569
4,2009-04-29,28.569225939866545,Low Risk,Normal,0.1773690940357358,1,0,0,North,605
3,2009-02-25,28.56256699221876,Low Risk,Normal,0.17609313034249685,1,0,0,North,567
4,2009-05-29,28.552197602592145,Low Risk,Normal,0.1774760355444377,1,0,0,North,604
7,2008-11-13,28.536131028881087,Low Risk,Normal,0.17102264851755666,1,0,0,East,416
3,2009-01-06,28.534371645721976,Low Risk,Normal,0.16367910961220034,1,0,0,North,206
3,2009-03-14,28.530432718242302,Low Risk,Normal,0.1789889943453612,1,0,0,North,642
3,2009-02-22,28.513249279987413,Low Risk,Normal,0.17317562320791086,1,0,0,North,472
0,2009-06-14,28.50803164875935,Low Risk,Normal,0.17248330645560234,1,0,0,North,451
3,2009-06-14,28.50803164875935,Low Risk,Normal,0.17248330645560234,1,0,0,North,451
4,2009-06-15,28.494441118263413,Low Risk,Normal,0.16190970113496056,1,0,0,North,146
0,2008-10-26,28.48734438347093,Low Risk,Normal,0.16813575248814178,1,0,0,East,322
7,2008-12-15,28.480870743328254,Low Risk,Normal,0.17779043915827247,1,0,0,East,596
2,2008-12-09,28.462492174198406,Low Risk,Normal,0.17906492866921775,1,0,0,West,628
7,2008-11-16,28.45256148795389,Low Risk,Normal,0.1716493649312491,1,0,0,West,414
7,2008-11-18,28.44685487384835,Low Risk,Normal,0.17386936956943955,1,0,0,North,476
3,2008-11-19,28.434947167921624,Low Risk,Normal,0.17414385028669926,1,0,0,North,481
4,2008-10-27,28.41254812149797,Low Risk,Normal,0.17391014227115842,1,0,0,North,469
2,2008-11-07,28.40984296714721,Low Risk,Normal,0.175544495626823,1,0,0,West,515
5,2008-12-06,28.382757877777127,Low Risk,Normal,0.16196492777990212,1,0,0,South,121
3,2009-02-05,28.374457847190794,Low Risk,Normal,0.16991792740406958,1,0,0,North,346
3,2009-02-12,28.35870603253068,Low Risk,Normal,0.1753051276729264,1,0,0,North,496
3,2009-05-15,28.33652658925547,Low Risk,Normal,0.1748593541003194,1,0,0,North,478
0,2009-05-15,28.33652658925547,Low Risk,Normal,0.1748593541003194,1,0,0,North,478
5,2008-11-07,28.32313851268063,Low Risk,Normal,0.17991149396265077,1,0,0,North,619
4,2008-11-19,28.320166677394827,Low Risk,Normal,0.17201743895640786,1,0,0,North,393
0,2009-05-04,28.307572075362017,Low Risk,Normal,0.17019530166890567,1,0,0,North,338
3,2009-05-04,28.307572075362017,Low Risk,Normal,0.17019530166890567,1,0,0,North,338
5,2008-10-25,28.305329216996036,Low Risk,Normal,0.1765210382309753,1,0,0,North,518
3,2008-10-30,28.289728479010115,Low Risk,Normal,0.1666649755810281,1,0,0,South,233
6,2008-10-24,28.28283892946021,Low Risk,Normal,0.17250386947668883,1,0,0,South,398
3,2008-11-23,28.27731395936,Low Risk,Normal,0.17318063971546638,1,0,0,North,416
3,2008-12-07,28.271087686864888,Low Risk,Normal,0.17533489903816246,1,0,0,North,476
6,2008-10-23,28.26721458517857,Low Risk,Normal,0.16415468443537368,1,0,0,East,156
2,2008-12-05,28.24778868319848,Low Risk,Normal,0.1780169390768429,1,0,0,North,547
3,2008-11-04,28.228417211469843,Low Risk,Normal,0.17491982131850736,1,0,0,North,454
3,2009-01-15,28.222267633409956,Low Risk,Normal,0.1754266040371174,1,0,0,North,467
4,2009-02-01,28.219678756907385,Low Risk,Normal,0.1713135774564517,1,0,0,North,349
4,2008-11-04,28.21885888160912,Low Risk,Normal,0.1754199867854736,1,0,0,North,466
7,2008-11-23,28.209891022722374,Low Risk,Normal,0.17847308238373716,1,0,0,East,551
4,2009-01-08,28.20757804023053,Low Risk,Normal,0.16444169353737853,1,0,0,North,150
4,2009-06-23,28.197631057376643,Low Risk,Normal,0.1773839757754046,1,0,0,North,517
2,2008-12-08,28.177881795178223,Low Risk,Normal,0.17281836630302277,1,0,0,West,382
4,2009-01-30,28.167357270685088,Low Risk,Normal,0.16873646728464436,1,0,0,South-East,263
4,2009-06-30,28.157836748669116,Low Risk,Normal,0.17214456181302634,1,0,0,South,358
4,2009-05-26,28.14404166171939,Low Risk,Normal,0.17201431027175001,1,0,0,North,351
4,2009-06-16,28.143372620378564,Low Risk,Normal,0.166238439161414,1,0,0,South,186
5,2008-11-20,28.12607167437616,Low Risk,Normal,0.16529648101642985,1,0,0,South,155
4,2009-05-04,28.120309791912995,Low Risk,Normal,0.17434956862615364,1,0,0,South,412
4,2009-05-27,28.098165771921394,Low Risk,Normal,0.1779680338994073,1,0,0,South,510
3,2009-04-23,28.095205807535912,Low Risk,Normal,0.1667101274719776,1,0,0,North,188
0,2009-04-23,28.095205807535912,Low Risk,Normal,0.1667101274719776,1,0,0,North,188
3,2009-03-07,28.07953877247418,Low Risk,Normal,0.16571950685078096,1,0,0,East,156
3,2009-06-07,28.078491627793966,Low Risk,Normal,0.17221046910980353,1,0,0,North,341
0,2009-06-07,28.078491627793966,Low Risk,Normal,0.17221046910980353,1,0,0,North,341
4,2008-11-16,28.063907306728563,Low Risk,Normal,0.17096554731047603,1,0,0,South,302
2,2008-11-21,28.059368066163795,Low Risk,Normal,0.1780462517276819,1,0,0,West,503
4,2008-12-14,28.054229682296164,Low Risk,Normal,0.18099733936505508,1,0,0,South,586
0,2009-06-06,28.042099741263836,Low Risk,Normal,0.18053785220984525,1,0,0,South,570
3,2009-06-06,28.042099741263836,Low Risk,Normal,0.18053785220984525,1,0,0,South,570
7,2008-12-09,28.03527355429342,Low Risk,Normal,0.17095901909844347,1,0,0,East,295
0,2009-06-10,28.03043992178406,Low Risk,Normal,0.16896705434870085,1,0,0,North,237
3,2009-06-10,28.03043992178406,Low Risk,Normal,0.16896705434870085,1,0,0,North,237
4,2009-04-20,28.02134213408609,Low Risk,Normal,0.1809912397946859,1,0,0,South,578
4,2008-11-07,28.01022333255009,Low Risk,Normal,0.17600327951308675,1,0,0,South,433
3,2009-04-20,28.00927086476384,Low Risk,Normal,0.17488997028128067,1,0,0,North,401
0,2009-04-20,28.00927086476384,Low Risk,Normal,0.17488997028128067,1,0,0,North,401
3,2009-03-02,28.004901826089533,Low Risk,Normal,0.17299924905780262,1,0,0,North,346
2,2008-12-31,27.993627555923478,Low Risk,Normal,0.1697645394555935,1,0,0,North,251
0,2009-05-17,27.98904680724186,Low Risk,Normal,0.18098020234098056,1,0,0,North,570
3,2009-05-17,27.98904680724186,Low Risk,Normal,0.18098020234098056,1,0,0,North,570
3,2009-02-26,27.967629809816344,Low Risk,Normal,0.1784607653812822,1,0,0,North,493
5,2008-11-14,27.939119048105297,Low Risk,Normal,0.16717062536619565,1,0,0,North,164
1,2008-12-08,27.93726822359487,Low Risk,Normal,0.16820219090883864,1,0,0,North,193
3,2009-02-07,27.928628076233977,Low Risk,Normal,0.17391552476459865,1,0,0,North,354
4,2009-05-14,27.915279667233428,Low Risk,Normal,0.1749728778567941,1,0,0,North,381
4,2009-07-28,27.914630656607123,Low Risk,Normal,0.17560899282640602,1,0,0,North,399
4,2009-06-08,27.913215768178173,Low Risk,Normal,0.17134602129719279,1,0,0,South,277
3,2008-10-24,27.9100438250899,Low Risk,Normal,0.18048263151169797,1,0,0,North,537
4,2009-03-02,27.90872117685546,Low Risk,Normal,0.17134845766838336,1,0,0,South,276
0,2009-05-31,27.893077119921614,Low Risk,Normal,0.17214463894305537,1,0,0,North,295
3,2009-05-31,27.893077119921614,Low Risk,Normal,0.17214463894305537,1,0,0,North,295
4,2009-05-12,27.881163492320923,Low Risk,Normal,0.17834077489747813,1,0,0,South,469
0,2009-04-22,27.87103246139292,Low Risk,Normal,0.1753418066948827,1,0,0,North,381
3,2009-04-22,27.87103246139292,Low Risk,Normal,0.1753418066948827,1,0,0,North,381
3,2008-10-26,27.840028024478872,Low Risk,Normal,0.18180223719822447,1,0,0,South,558
4,2009-02-05,27.832450036090176,Low Risk,Normal,0.1746824086890979,1,0,0,North,353
0,2009-04-02,27.828358936989282,Low Risk,Normal,0.17895624951132028,1,0,0,North,474
3,2009-04-02,27.828358936989282,Low Risk,Normal,0.17895624951132028,1,0,0,North,474
0,2008-12-03,27.821044638087113,Low Risk,Normal,0.16973187710851917,1,0,0,North,209
3,2009-05-24,27.809192906466446,Low Risk,Normal,0.17280901815319483,1,0,0,North,294
0,2009-05-24,27.809192906466446,Low Risk,Normal,0.17280901815319483,1,0,0,North,294
6,2008-11-20,27.750049361102654,Low Risk,Normal,0.178417858041044,1,0,0,East,440
0,2009-05-12,27.74834094573772,Low Risk,Normal,0.1798336661576811,1,0,0,North,480
3,2009-05-12,27.74834094573772,Low Risk,Normal,0.1798336661576811,1,0,0,North,480
4,2009-01-12,27.735693377839695,Low Risk,Normal,0.1824268955755018,1,0,0,North,551
5,2008-11-19,27.732915435132593,Low Risk,Normal,0.17127258873310824,1,0,0,North,232
4,2008-10-25,27.714529668094343,Low Risk,Normal,0.1740187799532248,1,0,0,North,306
4,2009-05-17,27.70528201078902,Low Risk,Normal,0.17742459936256266,1,0,0,South,401
0,2009-06-22,27.702826149895962,Low Risk,Normal,0.17600847348268622,1,0,0,North,360
3,2009-06-22,27.702826149895962,Low Risk,Normal,0.17600847348268622,1,0,0,North,360
3,2008-11-12,27.687645788142316,Low Risk,Normal,0.17935864193271994,1,0,0,North,452
6,2008-11-06,27.652761040762964,Low Risk,Normal,0.1759704032812991,1,0,0,East,347
4,2008-11-01,27.64640739761956,Low Risk,Normal,0.16922579626968054,1,0,0,South,153
4,2009-04-21,27.643062023635864,Low Risk,Normal,0.17503513917904084,1,0,0,North,318
0,2009-04-28,27.631596951445523,Low Risk,Normal,0.17005006606800405,1,0,0,South,173
3,2009-04-28,27.631596951445523,Low Risk,Normal,0.17005006606800405,1,0,0,South,173
3,2009-03-15,27.621118274457192,Low Risk,Normal,0.17528818217121872,1,0,0,West,320
4,2008-12-15,27.620666995639873,Low Risk,Normal,0.1756773748568899,1,0,0,South,331
4,2008-12-22,27.60242789142295,Low Risk,Normal,0.17418261357543374,1,0,0,South,284
4,2009-07-15,27.588309411455537,Low Risk,Normal,0.17885541350180784,1,0,0,South,414
4,2008-10-26,27.56804739772522,Low Risk,Normal,0.1796900988447685,1,0,0,North,433
3,2008-11-01,27.563989609295042,Low Risk,Normal,0.17583459352249298,1,0,0,North,322
4,2009-05-02,27.56073067117601,Low Risk,Normal,0.1758968053150382,1,0,0,South,323
4,2008-12-13,27.551147818054034,Low Risk,Normal,0.17075588209527431,1,0,0,South,174
4,2009-06-24,27.548028512510914,Low Risk,Normal,0.17099212508490258,1,0,0,South,180
0,2008-12-12,27.527947085741083,Low Risk,Normal,0.17073909298528062,1,0,0,South,168
4,2008-12-24,27.515029706009653,Low Risk,Normal,0.1759274645755406,1,0,0,South,313
3,2008-11-11,27.509825259118994,Low Risk,Normal,0.17306261444089144,1,0,0,North,230
3,2009-05-26,27.509340599603323,Low Risk,Normal,0.18119572388754096,1,0,0,North,462
0,2009-05-26,27.509340599603323,Low Risk,Normal,0.18119572388754096,1,0,0,North,462
0,2009-05-07,27.500884031417023,Low Risk,Normal,0.18315834466805625,1,0,0,North,516
3,2009-05-07,27.500884031417023,Low Risk,Normal,0.18315834466805625,1,0,0,North,516
4,2009-05-13,27.49075283296531,Low Risk,Normal,0.1780570325855128,1,0,0,South,368
4,2008-11-15,27.490494373277144,Low Risk,Normal,0.17206750355817918,1,0,0,South,197
4,2008-12-01,27.488568626549675,Low Risk,Normal,0.1826653648040643,1,0,0,South,499
4,2009-06-22,27.477046015819433,Low Risk,Normal,0.17035760206303907,1,0,0,South,145
4,2009-05-05,27.467377260785298,Low Risk,Normal,0.1769204504588222,1,0,0,North,330
0,2009-06-08,27.459816914908608,Low Risk,Normal,0.17687837061320955,1,0,0,North,327
3,2009-06-08,27.459816914908608,Low Risk,Normal,0.17687837061320955,1,0,0,North,327
0,2009-05-09,27.43118280018567,Low Risk,Normal,0.1762761809268193,1,0,0,North,303
3,2009-05-09,27.43118280018567,Low Risk,Normal,0.1762761809268193,1,0,0,North,303
3,2009-04-17,27.412743178652274,Low Risk,Normal,0.17786653127819524,1,0,0,North,344
0,2009-04-17,27.412743178652274,Low Risk,Normal,0.17786653127819524,1,0,0,North,344
4,2009-06-02,27.406753123305766,Low Risk,Normal,0.1745877624140157,1,0,0,North,249
5,2008-11-21,27.405652373313373,Low Risk,Normal,0.17918706087977415,1,0,0,North,380
3,2008-12-12,27.377308911026162,Low Risk,Normal,0.17339666274607352,1,0,0,South,208
4,2009-05-20,27.37557313308933,Low Risk,Normal,0.17190445470964016,1,0,0,North,165
3,2008-11-05,27.352128447226814,Low Risk,Normal,0.17504321757539731,1,0,0,North,249
5,2008-11-16,27.345163559695994,Low Risk,Normal,0.17306902301981275,1,0,0,North,191
4,2008-10-30,27.339149471605474,Low Risk,Normal,0.17564198222522043,1,0,0,North,263
2,2008-11-18,27.318611186901844,Low Risk,Normal,0.18296120235826868,1,0,0,North,467
0,2009-07-04,27.309234162103436,Low Risk,Normal,0.1734386769690271,1,0,0,North,193
3,2009-07-04,27.309234162103436,Low Risk,Normal,0.1734386769690271,1,0,0,North,193
4,2008-10-31,27.305269937822693,Low Risk,Normal,0.17490833288585406,1,0,0,South,234
4,2009-01-06,27.295407647490777,Low Risk,Normal,0.17418466466714794,1,0,0,North,211
4,2009-06-01,27.283976535132094,Low Risk,Normal,0.17529610970494258,1,0,0,North,240
3,2009-06-18,27.28192029334556,Low Risk,Normal,0.17317587008145663,1,0,0,South,179
0,2009-06-18,27.28192029334556,Low Risk,Normal,0.17317587008145663,1,0,0,South,179
3,2009-02-06,27.18238945188729,Low Risk,Normal,0.1735152011893264,1,0,0,South,165
0,2009-06-03,27.165439246706843,Low Risk,Normal,0.18297692772184704,1,0,0,North,431
3,2009-06-03,27.165439246706843,Low Risk,Normal,0.18297692772184704,1,0,0,North,431
4,2009-06-26,27.159600215582604,Low Risk,Normal,0.18025752503972986,1,0,0,North,352
4,2009-03-16,27.15279167093614,Low Risk,Normal,0.17460292267829364,1,0,0,South,189
4,2008-11-11,27.14891554893566,Low Risk,Normal,0.17782379840428436,1,0,0,North,280
4,2009-01-07,27.139418414511685,Low Risk,Normal,0.17727228099136272,1,0,0,South,262
4,2009-07-07,27.13247793349886,Low Risk,Normal,0.1780309317964059,1,0,0,South,282
0,2009-05-13,27.114770452116446,Low Risk,Normal,0.17824865320553196,1,0,0,North,284
3,2009-05-13,27.114770452116446,Low Risk,Normal,0.17824865320553196,1,0,0,North,284
4,2009-01-14,27.1114729817384,Low Risk,Normal,0.17379114393125222,1,0,0,South,156
4,2009-07-06,27.095669265921025,Low Risk,Normal,0.17476385186567628,1,0,0,North,180
4,2008-10-24,27.069045657778563,Low Risk,Normal,0.18094248183519218,1,0,0,North,350
4,2009-03-01,27.068549115259415,Low Risk,Normal,0.1752702897105322,1,0,0,North,188
0,2009-04-21,27.061929806014398,Low Risk,Normal,0.17574594991348746,1,0,0,North,200
3,2009-04-21,27.061929806014398,Low Risk,Normal,0.17574594991348746,1,0,0,North,200
4,2009-01-02,27.056522453649112,Low Risk,Normal,0.17698236487432395,1,0,0,South,234
4,2009-06-29,27.051527777110095,Low Risk,Normal,0.1812987787240491,1,0,0,South,356
0,2009-05-14,27.040035026081874,Low Risk,Normal,0.17925721978387443,1,0,0,North,295
3,2009-05-14,27.040035026081874,Low Risk,Normal,0.17925721978387443,1,0,0,North,295
4,2009-04-08,27.019323565564473,Low Risk,Normal,0.17855393270020337,1,0,0,North,270
4,2008-12-02,27.017564529763824,Low Risk,Normal,0.17979496744531204,1,0,0,North,305
4,2009-01-05,27.01622643318479,Low Risk,Normal,0.18425608853171688,1,0,0,North,432
4,2009-05-25,27.009479621250296,Low Risk,Normal,0.1775848378985907,1,0,0,South,240
3,2008-11-03,27.005027929796476,Low Risk,Normal,0.17821762015792902,1,0,0,North,257
4,2009-03-19,27.00490582846237,Low Risk,Normal,0.1819678206370035,1,0,0,South,364
4,2008-12-12,27.0046384970594,Low Risk,Normal,0.1799377825190212,1,0,0,North,306
3,2009-06-24,26.991593793282842,Low Risk,Normal,0.18144811149030876,1,0,0,South,346
0,2009-06-24,26.991593793282842,Low Risk,Normal,0.18144811149030876,1,0,0,South,346
5,2008-11-08,26.984585284797244,Low Risk,Normal,0.17726681810136125,1,0,0,South,225
4,2009-05-06,26.967905498186482,Low Risk,Normal,0.1792279250901322,1,0,0,North,277
4,2009-01-15,26.965100948627146,Low Risk,Normal,0.18226467071107177,1,0,0,South,363
4,2009-06-19,26.956494380523715,Low Risk,Normal,0.18044432067796162,1,0,0,North,309
4,2009-06-10,26.943411192229526,Low Risk,Normal,0.17613848193036902,1,0,0,North,183
5,2008-11-05,26.939719188013736,Low Risk,Normal,0.17792121989465576,1,0,0,South,233
4,2009-05-18,26.933381294244917,Low Risk,Normal,0.1806019962237086,1,0,0,North,308
4,2009-01-11,26.92492217810245,Low Risk,Normal,0.17976151121317213,1,0,0,North,282
0,2009-05-19,26.895069338844824,Low Risk,Normal,0.17783799778980836,1,0,0,North,220
3,2009-05-19,26.895069338844824,Low Risk,Normal,0.17783799778980836,1,0,0,North,220
4,2009-05-19,26.878466969238527,Low Risk,Normal,0.18593029967373587,1,0,0,North,447
4,2009-05-24,26.78207738159267,Low Risk,Normal,0.18098757612528665,1,0,0,North,283
3,2009-02-18,26.77888018122385,Low Risk,Normal,0.18227564123266077,1,0,0,South,319
0,2009-06-30,26.74080380418476,Low Risk,Normal,0.18129667205485472,1,0,0,North,282
3,2009-06-30,26.74080380418476,Low Risk,Normal,0.18129667205485472,1,0,0,North,282
3,2009-04-01,26.739051837692784,Low Risk,Normal,0.18239749150498197,1,0,0,South,313
0,2009-04-01,26.739051837692784,Low Risk,Normal,0.18239749150498197,1,0,0,South,313
4,2009-06-09,26.73407147961956,Low Risk,Normal,0.1798811638193329,1,0,0,North,240
4,2008-12-20,26.686089949854004,Low Risk,Normal,0.18063161996144045,1,0,0,South,250
4,2009-01-10,26.608027104963096,Low Risk,Normal,0.18012621036040327,1,0,0,North,217
4,2009-07-09,26.605691216643148,Low Risk,Normal,0.17990041315120048,1,0,0,South,210
4,2008-10-28,26.51655673097421,Low Risk,Normal,0.18162470216363757,1,0,0,South,238
0,2008-12-04,15.767900456964037,Normal,Normal,0.054529179065837374,0,0,0,North,2
7,2008-10-25,13.75413093635211,Normal,Normal,0.0717402597610623,0,0,0,North,14
4,2009-03-11,13.171609794211241,Normal,Normal,0.08290429941898836,0,0,0,South,194
3,2009-02-01,8.863868311468128,Normal,Normal,0.1298240966340412,0,0,0,North,508
0,2008-11-04,8.66440601002204,Normal,Normal,0.14788548678865165,0,0,0,South,976
6,2008-11-17,8.301890887533817,Normal,Normal,0.11986347020428711,0,0,0,North-East,90
4,2009-04-27,7.980849759767047,Normal,Normal,0.13073942604184158,0,0,0,North,324
0,2009-05-06,7.178352218393604,Normal,Normal,0.12853064305131162,0,0,0,North,70
3,2009-05-06,7.178352218393604,Normal,Normal,0.12853064305131162,0,0,0,North,70
4,2008-10-23,6.704267185459196,Normal,Normal,0.13199297006451843,0,0,0,North,56
3,2009-04-09,6.572961718784291,Normal,Normal,0.13256219577549017,0,0,0,North,41
0,2009-04-09,6.572961718784291,Normal,Normal,0.13256219577549017,0,0,0,North,41
4,2009-01-26,6.483702645934482,Normal,Normal,0.1512814812372355,0,0,0,North,554
3,2009-02-09,6.082317749842289,Normal,Normal,0.13798462213705848,0,0,0,North,79
4,2009-01-03,6.000101758880438,Normal,Normal,0.1373386456185972,0,0,0,North,41
4,2009-02-02,5.7832760044429925,Normal,Normal,0.15323223072723136,0,0,0,West,443
3,2008-10-23,5.663600909326937,Normal,Normal,0.1412656073265406,0,0,0,North,73
0,2009-05-16,5.515185960104015,Normal,Normal,0.1446054218113781,0,0,0,North,133
3,2009-05-16,5.515185960104015,Normal,Normal,0.1446054218113781,0,0,0,North,133
4,2009-02-04,5.485751186432639,Normal,Normal,0.15946214572439904,0,0,0,West,550
4,2008-11-30,5.286756514662988,Normal,Normal,0.14388211240098325,0,0,0,South,58
3,2008-12-20,4.662233378695404,Normal,Normal,0.15227788171350704,0,0,0,North,149
6,2008-11-23,4.648896386886077,Normal,Normal,0.1553674067111409,0,0,0,North,234
3,2009-05-20,3.980463798721761,Normal,Normal,0.15596518121382824,0,0,0,North,92
0,2009-05-20,3.980463798721761,Normal,Normal,0.15596518121382824,0,0,0,North,92
0,2009-05-10,3.9412199297755626,Normal,Normal,0.16796040900831383,0,0,0,North,425
3,2009-05-10,3.9412199297755626,Normal,Normal,0.16796040900831383,0,0,0,North,425
4,2009-07-27,3.9277344341263745,Normal,Normal,0.15969850772189836,0,0,0,South,186
3,2009-06-12,3.7662851132557362,Normal,Normal,0.16721153571362823,0,0,0,North,362
0,2009-06-12,3.7662851132557362,Normal,Normal,0.16721153571362823,0,0,0,North,362
4,2009-03-14,3.679182813701202,Normal,Normal,0.15987879586868275,0,0,0,South,132
0,2009-05-18,3.6036195742155144,Normal,Normal,0.17357841451028821,0,0,0,South,505
3,2009-05-18,3.6036195742155144,Normal,Normal,0.17357841451028821,0,0,0,South,505
4,2008-11-22,3.3181563858916823,Normal,Normal,0.16362481946170426,0,0,0,South,153
3,2008-11-13,3.277701246038716,Normal,Normal,0.17671635843985772,0,0,0,North,517
4,2009-03-05,3.2752004780764286,Normal,Normal,0.16678610861988113,0,0,0,North,233
4,2009-05-15,3.2413180056209105,Normal,Normal,0.16493123296861462,0,0,0,South,172
4,2009-04-22,3.171439985185841,Normal,Normal,0.17255672568785624,0,0,0,North,373
4,2008-11-23,3.165659229766554,Normal,Normal,0.1641955439493954,0,0,0,South,133
4,2009-05-16,3.0907465254547724,Normal,Normal,0.16678234761408606,0,0,0,North,189
4,2009-04-28,3.0245480800762152,Normal,Normal,0.17374645681640866,0,0,0,North,372
4,2009-02-13,2.980748311668126,Normal,Normal,0.17842146278264326,0,0,0,North,495
5,2009-03-14,2.8988287732403477,Normal,Normal,0.16606995909831657,0,0,0,South,123
3,2009-05-11,2.7576945730624542,Normal,Normal,0.17145141269247882,0,0,0,North,243
0,2009-05-11,2.7576945730624542,Normal,Normal,0.17145141269247882,0,0,0,North,243
4,2008-11-20,2.641979225553012,Normal,Normal,0.17402803389223026,0,0,0,North,289
4,2008-12-23,2.458188234482491,Normal,Normal,0.1731427679797679,0,0,0,North,220
4,2009-06-03,2.451196578769345,Normal,Normal,0.1769852852136397,0,0,0,North,328
3,2009-02-08,2.43951290073547,Normal,Normal,0.17277289475137092,0,0,0,South,205
3,2009-03-08,2.41225405170137,Normal,Normal,0.1780458050101968,0,0,0,North,349
3,2009-06-15,2.3610373001182263,Normal,Normal,0.17412799832799286,0,0,0,South,225
0,2009-06-15,2.3610373001182263,Normal,Normal,0.17412799832799286,0,0,0,South,225
4,2009-02-28,2.3371960962427014,Normal,Normal,0.17537795657276317,0,0,0,North,255
4,2009-03-23,2.2656367142142138,Normal,Normal,0.17614980708176947,0,0,0,South,260
4,2009-05-07,2.0885517635469797,Normal,Normal,0.17962355194702045,0,0,0,North,317
